Date,Month,Season,ADG_INT,GBD_5min,GrazeMinutes,GrazeHrs_5min,MeanTA,MoonitorID,Pasture,Year,Week,Deployment,RFID,Rest,Walk,Graze,Total,%Graze,%Rest,GrazeHrs_4sec,Eartag
9/6/2019,9,2,1,130.5966667,652.9833333,10.88305556,49.29458395,22,19N,2019,11,1, 0-2338641,11428,668,9513,21609,44,52.9,10.6,242
9/6/2019,9,2,1,93.49444444,570.9666667,9.516111111,47.8041134,23,19N,2019,11,1, 0-2310363,11949,386,9287,21622,43,55.3,10.3,1037
9/6/2019,9,2,1,70.33148148,637.9833333,10.63305556,36.27285599,8,22W,2019,11,1, 0-2309508,10898,908,9805,21611,45.4,50.4,10.9,781
9/6/2019,9,2,1,106.5966667,542.9833333,9.031012139,30.30161167,9,22W,2019,11,1, 0-3213490,12128,1097,8400,21625,38.8,56.1,9.3,664
9/6/2019,9,2,1,125.2416667,505.9666667,8.432777778,26.08688552,11,22W,2019,11,1, 0-3213439,13016,771,7817,21604,36.2,60.2,8.7,796
9/6/2019,9,2,1,86.11875,693.95,11.62246595,25.978456,1,23E,2019,11,1, 0-2338524,10144,928,10526,21598,48.7,47,11.7,764
9/6/2019,9,2,1,91.28095238,635.9833333,10.57780755,29.30262537,5,23E,2019,11,1, 0-3213479,10737,1085,9804,21626,45.3,49.6,10.9,978
9/6/2019,9,2,1,108.9916667,653.95,10.8766329,37.9105871,7,23E,2019,11,1, 0-3223934,10869,778,9965,21612,46.1,50.3,11.1,769
9/7/2019,9,2,1,84.42142857,585.95,9.765946365,37.04210261,22,19N,2019,11,1, 0-2338641,12280,827,8504,21611,39.4,56.8,9.4,242
9/7/2019,9,2,1,96.56428571,685.95,11.43263232,35.7663323,23,19N,2019,11,1, 0-2310363,10704,613,10288,21605,47.6,49.5,11.4,1037
9/7/2019,9,2,1,102.1933333,515.9666667,8.599444444,40.22437803,8,22W,2019,11,1, 0-2309508,12544,799,8264,21607,38.2,58.1,9.2,781
9/7/2019,9,2,1,77.99761905,540.9833333,9.035107456,47.1020449,9,22W,2019,11,1, 0-3213490,12194,795,8603,21592,39.8,56.5,9.6,664
9/7/2019,9,2,1,111.1933333,555.9666667,9.266111111,43.91064981,11,22W,2019,11,1, 0-3213439,12648,618,8345,21611,38.6,58.5,9.3,796
9/7/2019,9,2,1,89.13571429,628.95,10.5042623,35.69439745,1,23E,2019,11,1, 0-2338524,11572,662,9390,21624,43.4,53.5,10.4,764
9/7/2019,9,2,1,93.99166667,558.95,9.315833333,29.86549411,5,23E,2019,11,1, 0-3213479,11946,805,8868,21619,41,55.3,9.8,978
9/7/2019,9,2,1,131.1933333,660.9666667,11.03898122,35.5029149,7,23E,2019,11,1, 0-3223934,11592,562,9446,21600,43.7,53.7,10.5,769
9/8/2019,9,2,1,120.2416667,490.9666667,8.182683071,29.14463612,22,19N,2019,11,1, 0-2338641,13520,806,7285,21611,33.7,62.6,8.1,242
9/8/2019,9,2,1,106.8277778,635.9666667,10.57740818,40.0360433,23,19N,2019,11,1, 0-2310363,10701,943,9968,21612,46.1,49.5,11.1,1037
9/8/2019,9,2,1,106.4916667,638.95,10.62714977,46.90234283,8,22W,2019,11,1, 0-2309508,10873,988,9739,21600,45.1,50.3,10.8,781
9/8/2019,9,2,1,98.42142857,688.95,11.4825,36.02067638,9,22W,2019,11,1, 0-3213490,10680,798,10151,21629,46.9,49.4,11.3,664
9/8/2019,9,2,1,121.1933333,605.9666667,10.07856409,39.21653877,11,22W,2019,11,1, 0-3213439,11688,731,9171,21590,42.5,54.1,10.2,796
9/8/2019,9,2,1,94.87083333,758.9666667,12.71138301,54.69219128,1,23E,2019,11,1, 0-2338524,9287,468,11855,21610,54.9,43,13.2,764
9/8/2019,9,2,1,95.85238095,675.9666667,11.26611111,33.23271386,5,23E,2019,11,1, 0-3213479,10955,514,10123,21592,46.9,50.7,11.3,978
9/8/2019,9,2,1,115.1611111,690.9666667,11.49230183,36.84862858,7,23E,2019,11,1, 0-3223934,10989,421,10213,21623,47.2,50.8,11.3,769
9/9/2019,9,2,1,95.49722222,577.9833333,9.720699361,46.24806527,23,19N,2019,11,1, 0-2310363,11888,514,9215,21617,42.6,55,10.2,1037
9/9/2019,9,2,1,58.28333333,432.9833333,7.231370548,45.47206591,8,22W,2019,11,1, 0-2309508,13459,1043,7127,21629,33,62.2,7.9,781
9/9/2019,9,2,1,70.85238095,510.9666667,8.516111111,47.45394762,9,22W,2019,11,1, 0-3213490,12331,1131,8150,21612,37.7,57.1,9.1,664
9/9/2019,9,2,1,101.4916667,435.9666667,7.281195996,46.44650065,11,22W,2019,11,1, 0-3213439,13994,864,6778,21636,31.3,64.7,7.5,796
9/9/2019,9,2,1,97.66111111,575.9666667,9.652960277,32.35887209,1,23E,2019,11,1, 0-2338524,11724,851,9037,21612,41.8,54.2,10,764
9/9/2019,9,2,1,76.99583333,625.9666667,10.45443685,35.5177733,5,23E,2019,11,1, 0-3213479,10850,1150,9638,21638,44.5,50.1,10.7,978
9/9/2019,9,2,1,147.7416667,600.9666667,10.03690516,29.30744789,7,23E,2019,11,1, 0-3223934,12028,916,8666,21610,40.1,55.7,9.6,769
9/10/2019,9,2,1,69.77592593,642.9833333,10.79132867,37.98257023,23,19N,2019,11,1, 0-2310363,10352,1206,10054,21612,46.5,47.9,11.2,1037
9/10/2019,9,2,1,87.68518519,779.1666667,12.98611111,46.29469356,8,22W,2019,11,1, 0-2309508,9153,693,11763,21609,54.4,42.4,13.1,781
9/10/2019,9,2,1,107.325,643.95,10.7325,35.19942586,9,22W,2019,11,1, 0-3213490,11208,797,9606,21611,44.4,51.9,10.7,664
9/10/2019,9,2,1,110.6583333,663.95,11.06583333,40.99856342,11,22W,2019,11,1, 0-3213439,11223,691,9701,21615,44.9,51.9,10.8,796
9/10/2019,9,2,1,104.6638889,632.9833333,10.56451744,38.35719707,1,23E,2019,11,1, 0-2338524,10903,887,9812,21602,45.4,50.5,10.9,764
9/10/2019,9,2,1,140.2416667,565.9666667,9.432777778,29.95011358,5,23E,2019,11,1, 0-3213479,11905,1060,8645,21610,40,55.1,9.6,978
9/10/2019,9,2,1,287.9833333,580.9666667,9.682777778,31.24288563,7,23E,2019,11,1, 0-3223934,12219,842,8550,21611,39.6,56.5,9.5,769
9/11/2019,9,2,1,113.8305556,697.9833333,11.65720648,59.24894883,21,19N,2019,11,1, 0-2309577,10744,789,10080,21613,46.6,49.7,11.2,1153
9/11/2019,9,2,1,79.71190476,562.9833333,9.382946957,34.78330521,22,19N,2019,11,1, 0-2338641,12268,775,8563,21606,39.6,56.8,9.5,242
9/11/2019,9,2,1,70.66296296,640.9666667,10.68277778,45.8755469,23,19N,2019,11,1, 0-2310363,11082,568,9949,21599,46.1,51.3,11.1,1037
9/11/2019,9,2,1,170.3222222,530.9666667,8.849444444,32.80392538,8,22W,2019,11,1, 0-2309508,12667,931,8008,21606,37.1,58.6,8.9,781
9/11/2019,9,2,1,118.9916667,480.9666667,8.016111111,34.41225928,9,22W,2019,11,1, 0-3213490,13064,1046,7489,21599,34.7,60.5,8.3,664
9/11/2019,9,2,1,120.2416667,480.9666667,8.016111111,24.97990299,11,22W,2019,11,1, 0-3213439,13561,712,7338,21611,34,62.8,8.1,796
9/11/2019,9,2,1,132.79,663.95,11.06583333,27.99611154,1,23E,2019,11,1, 0-2338524,10880,542,10167,21589,47.1,50.4,11.3,764
9/11/2019,9,2,1,127.79,633.95,10.54398873,32.57670507,7,23E,2019,11,1, 0-3223934,11886,604,9120,21610,42.2,55,10.1,769
9/12/2019,9,2,1,118.9916667,510.9666667,8.516111111,37.49151613,21,19N,2019,11,1, 0-2309577,12873,766,7943,21582,36.8,59.6,8.8,1153
9/12/2019,9,2,1,78.83333333,473,7.899699609,21.18018339,22,19N,2019,11,1, 0-2338641,13810,738,7056,21604,32.7,63.9,7.8,242
9/12/2019,9,2,1,102.6611111,615.9666667,10.30104405,42.70847308,23,19N,2019,11,1, 0-2310363,11423,742,9452,21617,43.7,52.8,10.5,1037
9/12/2019,9,2,1,102.6611111,640.9666667,10.68277778,31.73846277,8,22W,2019,11,1, 0-2309508,10882,877,9860,21619,45.6,50.3,10.9,781
9/12/2019,9,2,1,154.7375,613.95,10.2325,32.13349583,9,22W,2019,11,1, 0-3213490,11402,1012,9209,21623,42.6,52.7,10.2,664
9/12/2019,9,2,1,134.3633333,681.8166667,11.36361111,37.05767653,11,22W,2019,11,1, 0-3213439,10958,804,9844,21606,45.6,50.7,10.9,796
9/12/2019,9,2,1,148.2458333,587.9833333,9.854354582,29.09711049,1,23E,2019,11,1, 0-2338524,12049,695,8885,21629,41.1,55.7,9.9,764
9/12/2019,9,2,1,168.9916667,675.9666667,11.26611111,33.31779209,7,23E,2019,11,1, 0-3223934,11371,544,9690,21605,44.9,52.6,10.8,769
9/13/2019,9,2,1,87.82222222,541.9333333,9.032222222,46.37184605,21,19N,2019,12,1, 0-2309577,12196,763,8679,21638,40.1,56.4,9.6,1153
9/13/2019,9,2,1,91.96944444,571.8166667,9.511343159,36.82782458,23,19N,2019,12,1, 0-2310363,12228,664,8725,21617,40.4,56.6,9.7,1037
9/13/2019,9,2,1,123.9958333,500.9833333,8.349722222,43.8799413,8,22W,2019,12,1, 0-2309508,13074,709,7828,21611,36.2,60.5,8.7,781
9/13/2019,9,2,1,181.9888889,540.9666667,9.016215465,32.58756112,9,22W,2019,12,1, 0-3213490,12702,689,8220,21611,38,58.8,9.1,664
9/13/2019,9,2,1,191.9888889,575.9666667,9.579597824,34.28105707,11,22W,2019,12,1, 0-3213439,12712,466,8441,21619,39,58.8,9.4,796
9/13/2019,9,2,1,169.7375,693.95,11.56583333,31.99214933,1,23E,2019,12,1, 0-2338524,10659,439,10494,21592,48.6,49.4,11.7,764
9/13/2019,9,2,1,135.7458333,537.9833333,8.985003653,25.07858587,7,23E,2019,12,1, 0-3223934,13171,367,8083,21621,37.4,60.9,9,769
9/14/2019,9,2,1,82.11666667,661.9333333,11.03222222,38.04662178,21,19N,2019,12,1, 0-2309577,10833,729,10040,21602,46.5,50.1,11.2,1153
9/14/2019,9,2,1,77.88518518,720.9666667,12.01611111,42.23077961,23,19N,2019,12,1, 0-2310363,10148,538,10926,21612,50.6,47,12.1,1037
9/14/2019,9,2,1,116.79,568.95,9.4825,35.42235937,8,22W,2019,12,1, 0-2309508,12094,843,8675,21612,40.1,56,9.6,781
9/14/2019,9,2,1,130.2458333,520.9833333,8.682955058,31.03104156,9,22W,2019,12,1, 0-3213490,12812,833,7967,21612,36.9,59.3,8.8,664
9/14/2019,9,2,1,88.49444444,530.9666667,8.867816425,32.65932218,11,22W,2019,12,1, 0-3213439,12956,739,7915,21610,36.6,60,8.8,796
9/14/2019,9,2,1,117.1933333,580.9666667,9.662758868,35.87014948,1,23E,2019,12,1, 0-2338524,12447,560,8629,21636,39.9,57.5,9.6,764
9/14/2019,9,2,1,155.2416667,615.9666667,10.26611111,29.91904124,7,23E,2019,12,1, 0-3223934,12195,660,8755,21610,40.5,56.4,9.7,769
9/15/2019,9,2,1,98.99166667,588.95,9.815833333,44.32413917,21,19N,2019,12,1, 0-2309577,11923,610,9074,21607,42,55.2,10.1,1153
9/15/2019,9,2,1,75.10740741,675.9666667,11.32891843,41.49869617,23,19N,2019,12,1, 0-2310363,10749,589,10275,21613,47.5,49.7,11.4,1037
9/15/2019,9,2,1,196.3166667,578.95,9.649166667,45.8673668,8,22W,2019,12,1, 0-2309508,12188,1170,8239,21597,38.1,56.4,9.2,781
9/15/2019,9,2,1,148.4833333,593.9333333,9.898888889,28.72138028,9,22W,2019,12,1, 0-3213490,11977,673,8946,21596,41.4,55.5,9.9,664
9/15/2019,9,2,1,201.9888889,615.9666667,10.26611111,37.53060859,11,22W,2019,12,1, 0-3213439,12109,601,8879,21589,41.1,56.1,9.9,796
9/15/2019,9,2,1,124.1933333,620.9666667,10.40714144,41.39096558,1,23E,2019,12,1, 0-2338524,11516,554,9550,21620,44.2,53.3,10.6,764
9/15/2019,9,2,1,119.19,595.95,9.9325,33.18737749,7,23E,2019,12,1, 0-3223934,12345,472,8789,21606,40.7,57.1,9.8,769
9/16/2019,9,2,1,129.4958333,532.9833333,8.883055556,49.56670447,21,19N,2019,12,1, 0-2309577,12787,583,8249,21619,38.2,59.1,9.2,1153
9/16/2019,9,2,1,95.16111111,580.9666667,9.682777778,44.14718717,23,19N,2019,12,1, 0-2310363,11905,440,9263,21608,42.9,55.1,10.3,1037
9/16/2019,9,2,1,126.4916667,515.9666667,8.599444444,36.47185234,8,22W,2019,12,1, 0-2309508,13073,614,7941,21628,36.7,60.4,8.8,781
9/16/2019,9,2,1,117.7416667,470.9666667,7.849444444,25.98433633,9,22W,2019,12,1, 0-3213490,13570,561,7496,21627,34.7,62.7,8.3,664
9/16/2019,9,2,1,168.6555556,505.9666667,8.432777778,32.83939987,11,22W,2019,12,1, 0-3213439,13388,548,7697,21633,35.6,61.9,8.5,796
9/16/2019,9,2,1,164.2333333,651.9333333,10.84309128,38.91777865,1,23E,2019,12,1, 0-2338524,11286,524,9794,21604,45.3,52.2,10.9,764
9/16/2019,9,2,1,116.79,583.95,9.7325,25.66441315,7,23E,2019,12,1, 0-3223934,12546,414,8656,21616,40,58,9.6,769
9/17/2019,9,2,1,101.6666667,610,10.16666667,45.46456739,21,19N,2019,12,1, 0-2309577,11513,693,9411,21617,43.5,53.3,10.4,1153
9/17/2019,9,2,1,86.74375,693.95,11.56583333,44.94436372,23,19N,2019,12,1, 0-2310363,9788,584,11243,21615,52,45.3,12.5,1037
9/17/2019,9,2,1,155.9875,628.95,10.4825,39.4637676,8,22W,2019,12,1, 0-2309508,11052,918,9633,21603,44.6,51.2,10.7,781
9/17/2019,9,2,1,120.1933333,605.9666667,10.09944444,30.14156522,9,22W,2019,12,1, 0-3213490,11643,845,9123,21611,42.2,53.9,10.1,664
9/17/2019,9,2,1,108.4944444,655.9666667,10.93277778,32.42590517,11,22W,2019,12,1, 0-3213439,11213,772,9628,21613,44.5,51.9,10.7,796
9/17/2019,9,2,1,98.42142857,693.95,11.67106201,42.88777019,1,23E,2019,12,1, 0-2338524,10166,828,10626,21620,49.1,47,11.8,764
9/17/2019,9,2,1,122.1933333,620.9666667,10.34944444,31.64564066,7,23E,2019,12,1, 0-3223934,11656,740,9216,21612,42.6,53.9,10.2,769
9/18/2019,9,2,1,142.7416667,585.9666667,9.766111111,31.50559204,8,22W,2019,12,1, 0-2309508,11671,823,9103,21597,42.1,54,10.1,781
9/18/2019,9,2,1,123.9916667,505.9666667,8.432777778,30.18215441,9,22W,2019,12,1, 0-3213490,12926,741,7912,21579,36.7,59.9,8.8,664
9/18/2019,9,2,1,166.9888889,505.9666667,8.432777778,30.45635158,11,22W,2019,12,1, 0-3213439,13316,658,7635,21609,35.3,61.6,8.5,796
9/18/2019,9,2,1,82.9952381,585.9666667,9.800139373,43.47094991,1,23E,2019,12,1, 0-2338524,11250,1393,8968,21611,41.5,52.1,10,764
9/18/2019,9,2,1,113.79,568.95,9.4825,43.57610316,7,23E,2019,12,1, 0-3223934,11428,1256,8899,21583,41.2,52.9,9.9,769
9/19/2019,9,2,1,142.2375,563.95,9.399166667,48.02426854,21,19N,2019,12,1, 0-2309577,12327,619,8661,21607,40.1,57.1,9.6,1153
9/19/2019,9,2,1,152.2375,608.95,10.1490492,25.49467537,22,19N,2019,12,1, 0-2338641,12035,557,9022,21614,41.7,55.7,10,242
9/19/2019,9,2,1,124.1966667,630.9833333,10.53822155,31.05196858,23,19N,2019,12,1, 0-2310363,11131,679,9802,21612,45.4,51.5,10.9,1037
9/19/2019,9,2,1,145.2416667,575.9666667,9.599444444,44.33917369,8,22W,2019,12,1, 0-2309508,12456,570,8606,21632,39.8,57.6,9.5,781
9/19/2019,9,2,1,110.1933333,550.9666667,9.163792606,35.89459057,9,22W,2019,12,1, 0-3213490,12973,487,8184,21644,37.8,59.9,9.1,664
9/19/2019,9,2,1,193.6555556,595.9666667,9.932777778,43.4653068,11,22W,2019,12,1, 0-3213439,12232,493,8874,21599,41.1,56.6,9.9,796
9/19/2019,9,2,1,163.4875,658.95,11.0593007,27.79657567,1,23E,2019,12,1, 0-2338524,10596,901,10098,21595,46.8,49.1,11.2,764
9/19/2019,9,2,1,109.825,658.95,10.9825,28.26153191,7,23E,2019,12,1, 0-3223934,11233,799,9585,21617,44.3,52,10.6,769
9/20/2019,9,2,1,98.65555556,586.9333333,9.761997713,46.49244435,21,19N,2019,13,1, 0-2309577,11582,921,9086,21589,42.1,53.6,10.1,1153
9/20/2019,9,2,1,106.9916667,646.95,10.76020744,31.59583785,22,19N,2019,13,1, 0-2338641,10435,1320,9849,21604,45.6,48.3,10.9,242
9/20/2019,9,2,1,118.6555556,728.95,12.12404856,40.03848782,23,19N,2019,13,1, 0-2310363,9434,900,11276,21610,52.2,43.7,12.5,1037
9/20/2019,9,2,1,101.1933333,510.9666667,8.545783972,39.90995634,8,22W,2019,13,1, 0-2309508,12519,734,8341,21594,38.6,58,9.3,781
9/20/2019,9,2,1,120.7458333,487.9833333,8.150034795,25.10713398,9,22W,2019,13,1, 0-3213490,13238,723,7616,21577,35.3,61.4,8.5,664
9/20/2019,9,2,1,248.925,497.85,8.2975,35.01793941,11,22W,2019,13,1, 0-3213439,13452,643,7528,21623,34.8,62.2,8.4,796
9/20/2019,9,2,1,165.2416667,650.9666667,10.84944444,41.72677788,1,23E,2019,13,1, 0-2338524,11065,847,9695,21607,44.9,51.2,10.8,764
9/20/2019,9,2,1,150.9875,603.95,10.06583333,27.96988253,7,23E,2019,13,1, 0-3223934,12083,685,8865,21633,41,55.9,9.8,769
9/21/2019,9,2,1,283.9916667,567.9833333,9.486041684,45.65032776,21,19N,2019,13,1, 0-2309577,12549,451,8635,21635,39.9,58,9.6,1153
9/21/2019,9,2,1,116.1933333,580.9666667,9.682777778,34.09129693,22,19N,2019,13,1, 0-2338641,12333,406,8877,21616,41.1,57.1,9.9,242
9/21/2019,9,2,1,65.59666667,675.9666667,11.28950024,38.01708558,23,19N,2019,13,1, 0-2310363,10589,388,10620,21597,49.2,49,11.8,1037
9/21/2019,9,2,1,126.1933333,640.9666667,10.64581315,42.25932201,8,22W,2019,13,1, 0-2309508,11115,913,9580,21608,44.3,51.4,10.6,781
9/21/2019,9,2,1,150.9916667,618.9666667,10.31599171,38.64891011,9,22W,2019,13,1, 0-3213490,11836,638,9163,21637,42.3,54.7,10.2,664
9/21/2019,9,2,1,152.7416667,610.9666667,10.18277778,37.68012826,11,22W,2019,13,1, 0-3213439,11911,600,9101,21612,42.1,55.1,10.1,796
9/21/2019,9,2,1,211.9888889,650.9666667,10.84944444,41.59841351,1,23E,2019,13,1, 0-2338524,11257,654,9718,21629,44.9,52,10.8,764
9/21/2019,9,2,1,205.3222222,615.9666667,10.26611111,36.52350695,7,23E,2019,13,1, 0-3223934,11790,544,9270,21604,42.9,54.6,10.3,769
9/22/2019,9,2,1,183.6555556,545.9666667,9.099444444,39.19305199,21,19N,2019,13,1, 0-2309577,12593,566,8445,21604,39.1,58.3,9.4,1153
9/22/2019,9,2,1,95.49722222,572.9833333,9.569548022,41.40595228,22,19N,2019,13,1, 0-2338641,12410,604,8598,21612,39.8,57.4,9.5,242
9/22/2019,9,2,1,80.99444444,743.95,12.39916667,46.51936988,23,19N,2019,13,1, 0-2310363,9605,614,11407,21626,52.7,44.4,12.7,1037
9/22/2019,9,2,1,109.1966667,545.9833333,9.099722222,50.00596001,8,22W,2019,13,1, 0-2309508,12323,1228,8079,21630,37.4,57,9,781
9/22/2019,9,2,1,270.4833333,545.9666667,9.099444444,24.62819135,9,22W,2019,13,1, 0-3213490,13061,516,8032,21609,37.2,60.4,8.9,664
9/22/2019,9,2,1,272.9833333,555.9666667,9.266111111,34.78098488,11,22W,2019,13,1, 0-3213439,12676,575,8355,21606,38.7,58.7,9.3,796
9/22/2019,9,2,1,88.24583333,705.9666667,11.76611111,49.97768228,1,23E,2019,13,1, 0-2338524,10202,654,10757,21613,49.8,47.2,11.9,764
9/22/2019,9,2,1,117.79,583.95,9.7325,37.26267031,7,23E,2019,13,1, 0-3223934,12362,603,8647,21612,40,57.2,9.6,769
9/23/2019,9,2,1,142.7416667,570.9666667,9.516111111,45.33430529,21,19N,2019,13,1, 0-2309577,12395,577,8631,21603,40,57.4,9.6,1153
9/23/2019,9,2,1,147.2375,593.95,9.899166667,34.49947646,22,19N,2019,13,1, 0-2338641,12110,572,8929,21611,41.3,56,9.9,242
9/23/2019,9,2,1,120.1933333,600.9666667,10.01611111,34.12901435,23,19N,2019,13,1, 0-2310363,10714,490,10407,21611,48.2,49.6,11.6,1037
9/23/2019,9,2,1,112.1933333,565.9666667,9.432777778,37.20392821,8,22W,2019,13,1, 0-2309508,11762,1208,8611,21581,39.9,54.5,9.6,781
9/23/2019,9,2,1,146.4916667,595.9666667,9.932777778,35.84261042,9,22W,2019,13,1, 0-3213490,11916,740,8966,21622,41.5,55.1,10,664
9/23/2019,9,2,1,272.9833333,545.9666667,9.099444444,40.73932118,11,22W,2019,13,1, 0-3213439,12583,749,8283,21615,38.3,58.2,9.2,796
9/23/2019,9,2,1,91.99285714,643.95,10.88366197,47.17247863,1,23E,2019,13,1, 0-2338524,11007,681,9922,21610,45.9,50.9,11,764
9/23/2019,9,2,1,157.2375,623.95,10.39916667,36.98123921,7,23E,2019,13,1, 0-3223934,11971,602,9033,21606,41.8,55.4,10,769
9/24/2019,9,2,1,176.3166667,533.95,8.899166667,35.20691268,21,19N,2019,13,1, 0-2309577,12767,667,8194,21628,37.9,59,9.1,1153
9/24/2019,9,2,1,139.7375,553.95,9.2325,29.55128666,22,19N,2019,13,1, 0-2338641,12559,679,8342,21580,38.7,58.2,9.3,242
9/24/2019,9,2,1,133.4875,543.95,9.065833333,30.34889334,23,19N,2019,13,1, 0-2310363,11975,624,9014,21613,41.7,55.4,10,1037
9/24/2019,9,2,1,132.7416667,560.9666667,9.330114693,53.5532667,8,22W,2019,13,1, 0-2309508,11403,1557,8662,21622,40.1,52.7,9.6,781
9/24/2019,9,2,1,166.9888889,500.9666667,8.349444444,31.39531266,9,22W,2019,13,1, 0-3213490,13262,823,7525,21610,34.8,61.4,8.4,664
9/24/2019,9,2,1,275.4833333,550.9666667,9.182777778,33.77504993,11,22W,2019,13,1, 0-3213439,12502,803,8306,21611,38.4,57.9,9.2,796
9/24/2019,9,2,1,194.3277778,587.9833333,9.799722222,34.74008449,1,23E,2019,13,1, 0-2338524,12113,553,8917,21583,41.3,56.1,9.9,764
9/24/2019,9,2,1,209.65,633.95,10.56583333,31.70920661,7,23E,2019,13,1, 0-3223934,11900,396,9328,21624,43.1,55,10.4,769
9/25/2019,9,2,1,205,620,10.33333333,40.81310657,21,19N,2019,13,1, 0-2309577,11459,571,9583,21613,44.3,53,10.6,1153
9/25/2019,9,2,1,211.3166667,633.95,10.56583333,22.10283935,22,19N,2019,13,1, 0-2338641,11689,566,9366,21621,43.3,54.1,10.4,242
9/25/2019,9,2,1,167.2375,658.95,10.9825,31.7036051,23,19N,2019,13,1, 0-2310363,10703,537,10364,21604,48,49.5,11.5,1037
9/25/2019,9,2,1,151.4916667,625.9666667,10.45443685,42.43117117,8,22W,2019,13,1, 0-2309508,11031,897,9672,21600,44.8,51.1,10.7,781
9/25/2019,9,2,1,166.9888889,500.9666667,8.349444444,29.70208603,9,22W,2019,13,1, 0-3213490,13148,717,7724,21589,35.8,60.9,8.6,664
9/25/2019,9,2,1,178.6555556,550.9666667,9.182777778,33.28904927,11,22W,2019,13,1, 0-3213439,12606,775,8229,21610,38.1,58.3,9.1,796
9/25/2019,9,2,1,159.7375,653.95,10.8766329,37.54608773,1,23E,2019,13,1, 0-2338524,11021,766,9852,21639,45.5,50.9,10.9,764
9/25/2019,9,2,1,172.9541667,691.8166667,11.53027778,39.62608762,7,23E,2019,13,1, 0-3223934,11086,465,10060,21611,46.6,51.3,11.2,769
9/26/2019,9,2,1,186.6666667,555,9.25,55.78573867,21,19N,2019,13,1, 0-2309577,12344,635,8618,21597,39.9,57.2,9.6,1153
9/26/2019,9,2,1,194.3277778,582.9833333,9.716388889,35.49393271,22,19N,2019,13,1, 0-2338641,12273,448,8895,21616,41.2,56.8,9.9,242
9/26/2019,9,2,1,126.5966667,632.9833333,10.54972222,32.78391234,23,19N,2019,13,1, 0-2310363,10568,531,10509,21608,48.6,48.9,11.7,1037
9/26/2019,9,2,1,113.1933333,575.9666667,9.599444444,41.68027971,8,22W,2019,13,1, 0-2309508,12255,734,8640,21629,39.9,56.7,9.6,781
9/26/2019,9,2,1,135.2375,540.95,9.015937684,25.96415002,9,22W,2019,13,1, 0-3213490,12906,694,8019,21619,37.1,59.7,8.9,664
9/26/2019,9,2,1,148.9916667,605.9666667,10.09944444,28.99488213,11,22W,2019,13,1, 0-3213439,11957,612,9023,21592,41.8,55.4,10,796
9/26/2019,9,2,1,177.7416667,715.9666667,12.08368397,38.19998687,1,23E,2019,13,1, 0-2338524,10346,811,10453,21610,48.4,47.9,11.6,764
9/26/2019,9,2,1,146.4916667,580.9666667,9.682777778,29.90254401,7,23E,2019,13,1, 0-3223934,12356,638,8617,21611,39.9,57.2,9.6,769
5/15/2020,5,1,2,63.77222222,575.9666667,9.652960277,59.18776947,1,15E,2020,1,1,2338524,11855,1365,8405,21625,38.9,54.8,9.3,685
5/15/2020,5,1,2,52.86555556,797.9833333,13.37386669,55.58623281,5,15E,2020,1,1,3213479,8605,1739,11285,21629,52.2,39.8,12.5,558
5/15/2020,5,1,2,40.87291667,673.9666667,11.32703867,66.01151078,6,22W,2020,1,1,3223963,8900,2848,9855,21603,45.6,41.2,10.9,436
5/15/2020,5,1,2,110.1583333,635.95,10.59916667,51.10175806,7,22W,2020,1,1,3223934,11313,1542,8751,21606,40.5,52.4,9.7,694
5/15/2020,5,1,2,81.99583333,665.9666667,11.2004298,42.3943479,9,22W,2020,1,1,3213490,10656,1266,9697,21619,44.9,49.3,10.8,178
5/16/2020,5,1,2,78.70952381,560.9666667,9.349444444,61.24535165,1,15E,2020,1,1,2338524,11570,1738,8305,21613,38.4,53.5,9.2,685
5/16/2020,5,1,2,67.99848485,757.9833333,12.63305556,48.71369695,5,15E,2020,1,1,3213479,8931,1820,10863,21614,50.3,41.3,12.1,558
5/16/2020,5,1,2,115.1933333,580.9666667,9.702879809,45.90691142,16,19N,2020,1,1,2341491,11892,1129,8590,21611,39.7,55,9.5,855
5/16/2020,5,1,2,42.35909091,478.9333333,8.038041958,56.22863115,18,19N,2020,1,1,3223949,12112,2097,7377,21586,34.2,56.1,8.2,1193
5/16/2020,5,1,2,57.91794872,767.9333333,12.84348432,73.85057373,6,22W,2020,1,1,3223963,8962,2205,10392,21559,48.2,41.6,11.6,436
5/16/2020,5,1,2,108.8305556,652.9833333,10.92097561,56.12802365,7,22W,2020,1,1,3223934,10735,1089,9795,21619,45.3,49.7,10.9,694
5/16/2020,5,1,2,81.99583333,665.9666667,11.13811847,69.43648356,9,22W,2020,1,1,3213490,10405,1206,9979,21590,46.2,48.2,11.1,178
5/16/2020,5,1,2,132.9972222,782.9833333,13.04972222,43.39379936,12,23E,2020,1,1,2338619,8747,1032,11844,21623,54.8,40.5,13.1,442
5/17/2020,5,1,2,136.1933333,675.9666667,11.38470175,49.95493259,1,15E,2020,1,1,2338524,10532,1070,10003,21605,46.3,48.7,11.1,685
5/17/2020,5,1,2,68.4530303,760.9666667,12.65655644,42.86764723,5,15E,2020,1,1,3213479,8874,1566,11152,21592,51.6,41.1,12.4,558
5/17/2020,5,1,2,81.62291667,667.9833333,11.13305556,47.3005281,16,19N,2020,1,1,2341491,10592,811,10210,21613,47.2,49,11.3,855
5/17/2020,5,1,2,81.74375,658.95,11.02076655,58.69727974,18,19N,2020,1,1,3223949,10821,966,9852,21639,45.5,50,10.9,1193
5/17/2020,5,1,2,56.99615385,750.95,12.69211268,57.82495837,6,22W,2020,1,1,3223963,8582,1718,11325,21625,52.4,39.7,12.6,436
5/17/2020,5,1,2,102.325,608.95,10.14916667,57.56748929,7,22W,2020,1,1,3223934,11822,518,9269,21609,42.9,54.7,10.3,694
5/17/2020,5,1,2,135.1933333,670.9666667,11.22174216,45.70617458,9,22W,2020,1,1,3213490,11224,664,9745,21633,45,51.9,10.8,178
5/17/2020,5,1,2,118.1583333,743.95,12.55597098,56.27780158,11,23E,2020,1,1,3213439,9154,1441,11014,21609,51,42.4,12.2,470
5/17/2020,5,1,2,121.4916667,728.95,12.23412587,48.04779928,12,23E,2020,1,1,2338619,9882,631,11096,21609,51.3,45.7,12.3,442
5/18/2020,5,1,2,165.2416667,655.9666667,10.97087108,48.80510485,1,15E,2020,1,1,2338524,11007,1041,9572,21620,44.3,50.9,10.6,685
5/18/2020,5,1,2,138.5966667,687.9833333,11.4901938,52.82218502,5,15E,2020,1,1,3213479,9754,1485,10391,21630,48,45.1,11.5,558
5/18/2020,5,1,2,63.26969697,725.9666667,12.09944444,49.22546284,16,19N,2020,1,1,2341491,9167,1243,11201,21611,51.8,42.4,12.4,855
5/18/2020,5,1,2,78.99761905,562.9833333,9.383055556,40.85086202,18,19N,2020,1,1,3223949,12300,1183,8124,21607,37.6,56.9,9,1193
5/18/2020,5,1,2,81.74583333,678.9666667,11.35554007,70.48711372,6,22W,2020,1,1,3223963,9643,1479,10503,21625,48.6,44.6,11.7,436
5/18/2020,5,1,2,68.44074074,615.9666667,10.26611111,53.78077819,7,22W,2020,1,1,3223934,11348,1148,9114,21610,42.2,52.5,10.1,694
5/18/2020,5,1,2,122.9972222,720,11.97519029,54.9918901,9,22W,2020,1,1,3213490,10273,741,10597,21611,49,47.5,11.8,178
5/18/2020,5,1,2,163.4875,653.95,11.09173145,64.55632263,11,23E,2020,1,1,3213439,10150,1294,10159,21603,47,47,11.3,470
5/18/2020,5,1,2,115.9944444,710.9666667,11.89073171,52.78624808,12,23E,2020,1,1,2338619,10343,530,10711,21584,49.6,47.9,11.9,442
5/18/2020,5,1,2,106.6666667,655,11.68773234,36.65157005,14,23E,2020,1,1,3223816,10790,557,10266,21613,47.5,49.9,11.4,631
5/19/2020,5,1,2,94.71190476,677.9833333,11.37874126,59.67434899,1,15E,2020,1,1,2338524,10675,1228,9696,21599,44.9,49.4,10.8,685
5/19/2020,5,1,2,77.08939394,820.9666667,13.68277778,48.59569212,5,15E,2020,1,1,3213479,8434,1371,11801,21606,54.6,39,13.1,558
5/19/2020,5,1,2,170.2416667,680.9666667,11.75769784,37.74482394,15,19N,2020,1,1,3223921,11537,1308,8783,21628,40.6,53.3,9.7,360
5/19/2020,5,1,2,82,827.9833333,13.77119163,42.86800847,16,19N,2020,1,1,2341491,8262,1010,12335,21607,57.1,38.2,13.7,855
5/19/2020,5,1,2,59.09666667,595.9666667,9.932777778,42.49467632,18,19N,2020,1,1,3223949,11026,2028,8560,21614,39.6,51,9.5,1193
5/19/2020,5,1,2,79.56904762,561.9833333,9.498309859,50.80936336,6,22W,2020,1,1,3223963,8687,3285,9672,21644,44.7,40.1,10.7,436
5/19/2020,5,1,2,97.325,568.95,9.4825,37.71278522,7,22W,2020,1,1,3223934,11672,1245,8699,21616,40.2,54,9.7,694
5/19/2020,5,1,2,154.1933333,765.9666667,12.79261433,43.97678076,9,22W,2020,1,1,3213490,9435,1019,11146,21600,51.6,43.7,12.4,178
5/19/2020,5,1,2,112.3277778,673.9666667,11.39098592,51.76149922,11,23E,2020,1,1,3213439,9923,1626,10071,21620,46.6,45.9,11.2,470
5/19/2020,5,1,2,180.2416667,720.9666667,12.01611111,49.36198859,12,23E,2020,1,1,2338619,9938,536,11148,21622,51.6,46,12.4,442
5/20/2020,5,1,2,92.28095238,630.9666667,10.51611111,45.71652435,1,15E,2020,1,1,2338524,10661,1720,9240,21621,42.7,49.3,10.3,685
5/20/2020,5,1,2,73.29833333,727.9833333,12.17533101,41.15674199,5,15E,2020,1,1,3213479,8648,2272,10697,21617,49.5,40,11.9,558
5/20/2020,5,1,2,71.79833333,707.9833333,11.82421916,47.18622177,16,19N,2020,1,1,2341491,9922,930,10758,21610,49.8,45.9,11.9,855
5/20/2020,5,1,2,73.61875,593.95,9.913049525,36.39864502,18,19N,2020,1,1,3223949,11881,1015,8714,21610,40.3,55,9.7,1193
5/20/2020,5,1,2,50.39666667,543.9666667,9.193802817,79.28388104,6,22W,2020,1,1,3223963,9795,3782,8030,21607,37.2,45.3,8.9,436
5/20/2020,5,1,2,113.4944444,675.9666667,11.26611111,45.00040857,7,22W,2020,1,1,3223934,10336,1030,10245,21611,47.4,47.8,11.4,694
5/20/2020,5,1,2,143.79,718.95,11.9825,46.74546314,9,22W,2020,1,1,3213490,10055,808,10754,21617,49.7,46.5,11.9,178
5/20/2020,5,1,2,238.6555556,690.9666667,11.51611111,51.71214852,11,23E,2020,1,1,3213439,9962,1454,10182,21598,47.1,46.1,11.3,470
5/20/2020,5,1,2,139.19,695.95,11.63958188,38.10381203,12,23E,2020,1,1,2338619,10261,521,10842,21624,50.1,47.5,12,442
5/21/2020,5,1,2,101.3305556,607.9833333,10.22524848,46.31144729,1,15E,2020,1,1,2338524,10851,1550,9198,21599,42.6,50.2,10.2,685
5/21/2020,5,1,2,52.71309524,767.9833333,12.84432056,40.66655478,5,15E,2020,1,1,3213479,8185,2093,11309,21587,52.4,37.9,12.6,558
5/21/2020,5,1,2,90.99791667,762.9833333,12.80531469,42.10396152,16,19N,2020,1,1,2341491,8705,1046,11863,21614,54.9,40.3,13.2,855
5/21/2020,5,1,2,111.1933333,560.9666667,9.467680876,39.09422747,18,19N,2020,1,1,3223949,11590,1454,8568,21612,39.6,53.6,9.5,1193
5/21/2020,5,1,2,112.7933333,568.9666667,9.595952261,61.50449765,6,22W,2020,1,1,3223963,10970,2622,7961,21553,36.9,50.9,8.9,436
5/21/2020,5,1,2,127.5966667,632.9833333,10.54972222,32.42935467,7,22W,2020,1,1,3223934,11299,626,9687,21612,44.8,52.3,10.8,694
5/21/2020,5,1,2,187.2375,748.95,12.52599303,49.21518474,9,22W,2020,1,1,3213490,10141,545,10927,21613,50.6,46.9,12.1,178
5/21/2020,5,1,2,133.1933333,685.9666667,11.67602837,57.2553121,11,23E,2020,1,1,3213439,9239,1132,11220,21591,52,42.8,12.5,470
5/21/2020,5,1,2,193.2458333,777.9833333,12.96638889,46.29712515,12,23E,2020,1,1,2338619,8776,763,12050,21589,55.8,40.7,13.4,442
5/22/2020,5,1,2,74.55185185,670.9666667,11.23753475,57.27374094,1,15E,2020,2,1,2338524,10257,1216,10150,21623,46.9,47.4,11.3,685
5/22/2020,5,1,2,106.225,864.8,14.43354698,52.80827227,5,15E,2020,2,1,3213479,7668,1566,12401,21635,57.3,35.4,13.8,558
5/22/2020,5,1,2,70.81363636,793.95,13.20514212,46.59673967,16,19N,2020,2,1,2341491,8609,544,12437,21590,57.6,39.9,13.8,855
5/22/2020,5,1,2,79.74791667,647.9833333,10.77739406,30.89125194,18,19N,2020,2,1,3223949,10835,1161,9619,21615,44.5,50.1,10.7,1193
5/22/2020,5,1,2,91.56428571,585.95,9.799860627,84.80478683,6,22W,2020,2,1,3223963,9860,3522,8284,21666,38.2,45.5,9.2,436
5/22/2020,5,1,2,163.525,659.1,10.96228878,34.42118149,7,22W,2020,2,1,3223934,11075,683,9851,21609,45.6,51.3,10.9,694
5/22/2020,5,1,2,115.6583333,693.95,11.6061324,38.91634753,9,22W,2020,2,1,3213490,10509,661,10438,21608,48.3,48.6,11.6,178
5/22/2020,5,1,2,155.7458333,632.9833333,10.66077193,46.2471307,11,23E,2020,2,1,3213439,10339,1266,10024,21629,46.3,47.8,11.1,470
5/22/2020,5,1,2,152.1933333,760.9666667,12.68277778,53.70274629,12,23E,2020,2,1,2338619,9177,589,11852,21618,54.8,42.5,13.2,442
5/23/2020,5,1,2,216.9888889,645.9666667,10.82613098,43.54015215,1,15E,2020,2,1,2338524,11330,945,9336,21611,43.2,52.4,10.4,685
5/23/2020,5,1,2,185.2416667,755.9666667,12.62560165,43.59111085,5,15E,2020,2,1,3213479,9419,1143,11049,21611,51.1,43.6,12.3,558
5/23/2020,5,1,2,75.59666667,765.9666667,12.81059233,37.35855336,16,19N,2020,2,1,2341491,8986,792,11843,21621,54.8,41.6,13.1,855
5/23/2020,5,1,2,126.1933333,635.9666667,10.63637631,45.86646802,18,19N,2020,2,1,3223949,10729,1158,9705,21592,44.9,49.7,10.8,1193
5/23/2020,5,1,2,121.1933333,610.9666667,10.20391784,41.27712332,7,22W,2020,2,1,3223934,11364,904,9345,21613,43.2,52.6,10.4,694
5/23/2020,5,1,2,139.1933333,690.9666667,11.51611111,32.59649457,9,22W,2020,2,1,3213490,10392,1093,10127,21612,46.9,48.1,11.2,178
5/23/2020,5,1,2,166.4916667,670.9666667,11.38035336,47.99345362,11,23E,2020,2,1,3213439,9875,1106,10638,21619,49.2,45.7,11.8,470
5/23/2020,5,1,2,182.7416667,785.9666667,13.23733333,49.29696878,12,23E,2020,2,1,2338619,8440,631,12559,21630,58.1,39,13.9,442
5/24/2020,5,1,2,110.9944444,655.9666667,10.93277778,40.94952892,1,15E,2020,2,1,2338524,10604,1312,9663,21579,44.8,49.1,10.7,685
5/24/2020,5,1,2,71.9974359,910.9666667,15.18277778,56.15864437,5,15E,2020,2,1,3213479,6797,2184,12633,21614,58.4,31.4,14,558
5/24/2020,5,1,2,185.2416667,720.9666667,12.4932852,33.27957979,15,19N,2020,2,1,3223921,11423,1562,8631,21616,39.9,52.8,9.6,360
5/24/2020,5,1,2,73.16527778,902.9833333,15.04972222,44.80598151,16,19N,2020,2,1,2341491,7628,892,13091,21611,60.6,35.3,14.5,855
5/24/2020,5,1,2,89.71190476,622.9833333,10.44106145,46.3549895,18,19N,2020,2,1,3223949,10891,1550,9189,21630,42.5,50.4,10.2,1193
5/24/2020,5,1,2,148.5966667,737.9833333,12.29972222,38.57776698,7,22W,2020,2,1,3223934,9866,1169,10572,21607,48.9,45.7,11.7,694
5/24/2020,5,1,2,246.3166667,738.95,12.31583333,42.36207654,9,22W,2020,2,1,3213490,10184,1000,10435,21619,48.3,47.1,11.6,178
5/24/2020,5,1,2,191.4916667,750.9666667,12.69239437,50.03605143,12,23E,2020,2,1,2338619,9663,1012,10936,21611,50.6,44.7,12.1,442
5/25/2020,5,1,2,94.42380952,640.9666667,10.87151943,49.98611878,1,15E,2020,2,1,2338524,10817,970,9848,21635,45.5,50,10.9,685
5/25/2020,5,1,2,78.33333333,715,12.46172281,43.06438431,16,19N,2020,2,1,2341491,8731,851,12022,21604,55.6,40.4,13.4,855
5/25/2020,5,1,2,111.8277778,680.9666667,11.34931309,39.24537762,18,19N,2020,2,1,3223949,10010,1079,10511,21600,48.7,46.3,11.7,1193
5/25/2020,5,1,2,155.1933333,770.9666667,12.84944444,39.0322408,7,22W,2020,2,1,3223934,9480,721,11406,21607,52.8,43.9,12.7,694
5/25/2020,5,1,2,121.8277778,730.9666667,12.22522648,35.16135842,9,22W,2020,2,1,3213490,10113,780,10717,21610,49.6,46.8,11.9,178
5/26/2020,5,1,2,160.2416667,645.9666667,10.91774648,40.80208116,1,15E,2020,2,1,2338524,10707,985,9913,21605,45.9,49.6,11,685
5/26/2020,5,1,2,80.59666667,840.9666667,13.98713314,45.70464093,5,15E,2020,2,1,3213479,8160,1569,11848,21577,54.9,37.8,13.2,558
5/26/2020,5,1,2,80.59666667,810.9666667,13.51611111,49.61557027,16,19N,2020,2,1,2341491,8536,912,12175,21623,56.3,39.5,13.5,855
5/26/2020,5,1,2,83.54285714,599.8,10.06657343,44.76590433,18,19N,2020,2,1,3223949,10846,1650,9100,21596,42.1,50.2,10.1,1193
5/26/2020,5,1,2,54.56904762,399.1833333,6.746760563,69.58176981,6,22W,2020,2,1,3223963,9568,5218,6780,21566,31.4,44.4,7.5,436
5/26/2020,5,1,2,196.9888889,592.9833333,9.883055556,36.70444512,7,22W,2020,2,1,3223934,10495,1462,9647,21604,44.7,48.6,10.7,694
5/26/2020,5,1,2,160.7458333,642.9833333,10.75372822,46.70772685,9,22W,2020,2,1,3213490,10287,1631,9658,21576,44.8,47.7,10.7,178
5/26/2020,5,1,2,137.1933333,690.9666667,11.59664336,52.27219359,11,23E,2020,2,1,3213439,9358,1575,10660,21593,49.4,43.3,11.8,470
5/28/2020,5,1,2,135.5966667,697.9833333,11.63305556,51.19004985,1,15E,2020,2,2,2338524,10251,1014,10344,21609,47.9,47.4,11.5,685
5/28/2020,5,1,2,89.24583333,718.9666667,11.9993046,42.80485488,3,15E,2020,2,2,3223935,9988,598,11080,21666,51.1,46.1,12.3,939
5/28/2020,5,1,2,85.49375,738.95,12.29037064,47.57548745,4,15E,2020,2,2,3223943,8939,1759,10891,21589,50.4,41.4,12.1,697
5/28/2020,5,1,2,80.08787879,905.9666667,15.15205575,52.83128517,5,15E,2020,2,2,3213479,7389,1245,12988,21622,60.1,34.2,14.4,558
5/28/2020,5,1,2,58.08636364,643.95,10.75478132,41.92319143,12,19N,2020,2,2,2338619,10803,970,9841,21614,45.5,50,10.9,1195
5/28/2020,5,1,2,91.99285714,658.95,11.00517269,47.74887343,15,19N,2020,2,2,3223921,10864,1316,9466,21646,43.7,50.2,10.5,360
5/28/2020,5,1,2,98.24583333,810.9666667,13.54417137,42.62438818,16,19N,2020,2,2,2341491,8291,692,12652,21635,58.5,38.3,14,855
5/28/2020,5,1,2,89.35208333,719.8166667,12.14012485,63.44675006,6,22W,2020,2,2,3223963,10190,625,10812,21627,50,47.1,12,436
5/28/2020,5,1,2,140.79,693.95,11.56569947,42.21840965,7,22W,2020,2,2,3223934,10179,966,10464,21609,48.4,47.1,11.6,694
5/28/2020,5,1,2,175.2416667,695.9666667,11.59944444,35.20813852,9,22W,2020,2,2,3213490,10586,729,10295,21610,47.6,49,11.4,178
5/28/2020,5,1,2,96.27857143,683.95,11.60056537,54.06731238,11,23E,2020,2,2,3213439,9155,2311,10145,21611,46.9,42.4,11.3,470
5/28/2020,5,1,2,64.36212121,717.9833333,12.13492958,40.90970206,14,23E,2020,2,2,3223816,9724,753,11158,21635,51.6,44.9,12.4,631
5/29/2020,5,1,2,101.2785714,723.95,12.41057143,43.12358127,1,15E,2020,2,2,2338524,9278,1443,10893,21614,50.4,42.9,12.1,685
5/29/2020,5,1,2,87.61875,695.95,11.59916667,35.69751197,3,15E,2020,2,2,3223935,10016,947,10646,21609,49.3,46.4,11.8,939
5/29/2020,5,1,2,65.33148148,610.9666667,10.23954563,39.75173216,4,15E,2020,2,2,3223943,9625,2640,9358,21623,43.3,44.5,10.4,697
5/29/2020,5,1,2,113.2458333,910.9666667,15.15138775,47.60843383,5,15E,2020,2,2,3213479,7330,1539,12746,21615,59,33.9,14.2,558
5/29/2020,5,1,2,52.58055556,640.9666667,10.68277778,31.8974234,12,19N,2020,2,2,2338619,10776,548,10287,21611,47.6,49.9,11.4,1195
5/29/2020,5,1,2,63.09666667,625.9666667,10.43277778,37.52943625,15,19N,2020,2,2,3223921,11160,1358,9082,21600,42,51.7,10.1,360
5/29/2020,5,1,2,65.66527778,767.9833333,12.84432056,41.3325042,16,19N,2020,2,2,2341491,8696,656,12233,21585,56.7,40.3,13.6,855
5/29/2020,5,1,2,78.39666667,788.9666667,13.31604918,50.5740551,6,22W,2020,2,2,3223963,9040,809,11747,21596,54.4,41.9,13.1,436
5/29/2020,5,1,2,82.62083333,695.9666667,11.57546287,30.27811346,7,22W,2020,2,2,3223934,10007,878,10730,21615,49.6,46.3,11.9,694
5/29/2020,5,1,2,125.1611111,745.9666667,12.43277778,37.60931297,9,22W,2020,2,2,3213490,9650,975,10981,21606,50.8,44.7,12.2,178
5/29/2020,5,1,2,140.3633333,701.8166667,11.90360424,53.63297928,11,23E,2020,2,2,3213439,8888,2415,10278,21581,47.6,41.2,11.4,470
5/29/2020,5,1,2,117.9972222,710.9666667,11.84944444,38.68747462,14,23E,2020,2,2,3223816,9894,807,10891,21592,50.4,45.8,12.1,631
5/30/2020,5,1,2,156.4916667,620.9666667,10.45838596,38.82896755,1,15E,2020,3,2,2338524,11155,986,9461,21602,43.8,51.6,10.5,685
5/30/2020,5,1,2,130.3966667,646.9833333,10.78305556,28.31848438,3,15E,2020,3,2,3223935,10668,817,10092,21577,46.8,49.4,11.2,939
5/30/2020,5,1,2,102.9972222,610,10.18092467,33.47112343,4,15E,2020,3,2,3223943,10012,2509,9087,21608,42.1,46.3,10.1,697
5/30/2020,5,1,2,88.44074074,805.9666667,13.55499235,47.34815992,5,15E,2020,3,2,3213479,8065,1610,11927,21602,55.2,37.3,13.3,558
5/30/2020,5,1,2,75.10740741,695.9666667,11.59944444,39.22434545,12,19N,2020,3,2,2338619,10152,727,10719,21598,49.6,47,11.9,1195
5/30/2020,5,1,2,87.28095238,600.9666667,10.01611111,30.80306442,15,19N,2020,3,2,3223921,11470,1107,9012,21589,41.7,53.1,10,360
5/30/2020,5,1,2,77.54393939,877.9833333,14.70470696,41.14795323,16,19N,2020,3,2,2341491,7592,847,13188,21627,61,35.1,14.6,855
5/30/2020,5,1,2,85.08636364,930.95,15.78996466,57.58382015,6,22W,2020,3,2,3223963,6955,1217,13445,21617,62.2,32.2,14.9,436
5/30/2020,5,1,2,107.6611111,655.9666667,10.95547488,33.83043318,7,22W,2020,3,2,3223934,9312,1392,10902,21606,50.5,43.1,12.1,694
5/30/2020,5,1,2,70.11875,555.95,9.429540636,41.65995216,9,22W,2020,3,2,3213490,9967,3138,8498,21603,39.3,46.1,9.4,178
5/30/2020,5,1,2,232.9777778,713.9333333,11.98223756,53.23141954,11,23E,2020,3,2,3213439,9663,2123,9822,21608,45.5,44.7,10.9,470
5/30/2020,5,1,2,93.24583333,770.9666667,12.89421603,38.58635931,14,23E,2020,3,2,3223816,8963,893,11774,21630,54.4,41.4,13.1,631
5/31/2020,5,1,2,100.852381,710.9666667,11.84944444,42.38756608,1,15E,2020,3,2,2338524,9960,1435,10206,21601,47.2,46.1,11.3,685
5/31/2020,5,1,2,86.99375,700.95,11.72320557,35.17370929,3,15E,2020,3,2,3223935,10451,865,10310,21626,47.7,48.3,11.4,939
5/31/2020,5,1,2,32.70392157,582.9833333,9.736560699,40.66200782,4,15E,2020,3,2,3223943,8987,3702,8924,21613,41.3,41.6,9.9,697
5/31/2020,5,1,2,74.07564103,952.9833333,15.85021772,50.8447534,5,15E,2020,3,2,3213479,7401,1736,12475,21612,57.7,34.2,13.9,558
5/31/2020,5,1,2,63.99761905,472.9833333,7.883055556,29.521304,12,19N,2020,3,2,2338619,12060,1139,8411,21610,38.9,55.8,9.3,1195
5/31/2020,5,1,2,70.43888889,633.95,10.56583333,36.8910074,15,19N,2020,3,2,3223921,11189,863,9593,21645,44.3,51.7,10.6,360
5/31/2020,5,1,2,74.17878788,805.9666667,13.46066504,41.08832779,16,19N,2020,3,2,2341491,8666,781,12168,21615,56.3,40.1,13.5,855
5/31/2020,5,1,2,105.997619,726.9833333,12.17543411,56.42044595,6,22W,2020,3,2,3223963,9319,1062,11235,21616,52,43.1,12.5,436
5/31/2020,5,1,2,95.12083333,760.9666667,12.68277778,35.74856543,7,22W,2020,3,2,3223934,8584,1212,11806,21602,54.7,39.7,13.1,694
5/31/2020,5,1,2,134.79,673.95,11.27150672,58.62833337,11,23E,2020,3,2,3213439,10218,1800,9615,21633,44.4,47.2,10.7,470
5/31/2020,5,1,2,91.11875,738.95,12.35874564,39.8445737,14,23E,2020,3,2,3223816,9689,773,11119,21581,51.5,44.9,12.4,631
6/1/2020,6,1,2,137.1933333,675.9666667,11.38470175,42.74142979,1,15E,2020,3,2,2338524,9885,1558,10197,21640,47.1,45.7,11.3,685
6/1/2020,6,1,2,91.84761905,652.9333333,10.88222222,36.00734934,3,15E,2020,3,2,3223935,10317,1201,10108,21626,46.7,47.7,11.2,939
6/1/2020,6,1,2,45.68846154,598.95,9.961861421,47.7551756,4,15E,2020,3,2,3223943,9173,3449,8973,21595,41.6,42.5,10,697
6/1/2020,6,1,2,64.30512821,840.9666667,14.06494774,43.05979892,5,15E,2020,3,2,3213479,7718,1780,12113,21611,56.1,35.7,13.5,558
6/1/2020,6,1,2,56.77407407,510.9666667,8.498504256,45.80608079,12,19N,2020,3,2,2338619,11851,573,9194,21618,42.5,54.8,10.2,1195
6/1/2020,6,1,2,89.42380952,625.9666667,10.46912892,36.75229265,15,19N,2020,3,2,3223921,10362,1181,10062,21605,46.6,48,11.2,360
6/1/2020,6,1,2,80.21481481,731.9333333,12.19888889,41.95069888,16,19N,2020,3,2,2341491,8882,909,11799,21590,54.7,41.1,13.1,855
6/1/2020,6,1,2,110.5666667,773.9666667,13.03522807,64.10435345,6,22W,2020,3,2,3223963,8609,1236,11751,21596,54.4,39.9,13.1,436
6/1/2020,6,1,2,96.56666667,685.9666667,11.43277778,35.19878729,7,22W,2020,3,2,3223934,9402,1464,10746,21612,49.7,43.5,11.9,694
6/1/2020,6,1,2,71.595,740.95,12.3666288,43.9696462,14,23E,2020,3,2,3223816,9172,1010,11446,21628,52.9,42.4,12.7,631
6/2/2020,6,1,2,106.5666667,755.9666667,12.5733954,32.78614431,1,15E,2020,3,2,2338524,9185,1421,10999,21605,50.9,42.5,12.2,685
6/2/2020,6,1,2,104.1380952,723.9666667,12.06611111,30.12639011,3,15E,2020,3,2,3223935,9144,1263,11184,21591,51.8,42.4,12.4,939
6/2/2020,6,1,2,63.59666667,625.9666667,10.43277778,41.60611967,4,15E,2020,3,2,3223943,9138,3652,8846,21636,40.9,42.2,9.8,697
6/2/2020,6,1,2,90.66111111,825.95,13.79441203,39.7725148,5,15E,2020,3,2,3213479,7848,1975,11775,21598,54.5,36.3,13.1,558
6/2/2020,6,1,2,98.99166667,583.95,9.752705257,39.80988639,12,19N,2020,3,2,2338619,11489,598,9532,21619,44.1,53.1,10.6,1195
6/2/2020,6,1,2,115.1611111,697.9833333,11.63305556,42.3860343,15,19N,2020,3,2,3223921,10166,1316,10132,21614,46.9,47,11.3,360
6/2/2020,6,1,2,70.24861111,842.9833333,14.04972222,35.0799591,16,19N,2020,3,2,2341491,7924,701,12988,21613,60.1,36.7,14.4,855
6/2/2020,6,1,2,157.7933333,783.9666667,13.15748252,51.21245295,6,22W,2020,3,2,3223963,8636,957,12025,21618,55.6,39.9,13.3,436
6/2/2020,6,1,2,66.09666667,675.9666667,11.26611111,40.34863735,7,22W,2020,3,2,3223934,9853,1279,10472,21604,48.5,45.6,11.6,694
6/2/2020,6,1,2,119.1933333,595.9666667,10.09388269,61.43507036,11,23E,2020,3,2,3213439,10648,1922,9055,21625,41.9,49.2,10,470
6/2/2020,6,1,2,103.4238095,723.9666667,12.13323712,39.6563849,14,23E,2020,3,2,3223816,9396,1205,10996,21597,50.9,43.5,12.2,631
6/3/2020,6,1,2,99.13571429,693.95,11.5898447,46.6264317,1,15E,2020,3,2,2338524,10061,1283,10276,21620,47.5,46.5,11.4,685
6/3/2020,6,1,2,97.99285714,685.95,11.4325,37.44067301,3,15E,2020,3,2,3223935,9833,1051,10702,21586,49.6,45.6,11.9,939
6/3/2020,6,1,2,40.78333333,570.9666667,9.535867132,43.52789915,4,15E,2020,3,2,3223943,9512,3697,8396,21605,38.9,44,9.3,697
6/3/2020,6,1,2,97.10555556,880.9666667,14.7033693,53.59482816,5,15E,2020,3,2,3213479,7912,1677,12037,21626,55.7,36.6,13.4,558
6/3/2020,6,1,2,71.895,733.95,12.2072096,43.85628862,12,19N,2020,3,2,2338619,9634,683,11265,21582,52.2,44.6,12.5,1195
6/3/2020,6,1,2,70.99444444,643.95,10.74755155,47.76970538,15,19N,2020,3,2,3223921,10526,1791,9275,21592,43,48.7,10.3,360
6/3/2020,6,1,2,104.1229167,847.9833333,14.13305556,47.14124905,16,19N,2020,3,2,2341491,8042,879,12714,21635,58.8,37.2,14.1,855
6/3/2020,6,1,2,81.72424242,918.9666667,15.29504502,62.83543238,6,22W,2020,3,2,3223963,7646,1449,12466,21561,57.8,35.5,13.9,436
6/3/2020,6,1,2,83.895,838.95,13.95359152,36.9890033,7,22W,2020,3,2,3223934,7749,1484,12389,21622,57.3,35.8,13.8,694
6/3/2020,6,1,2,85.99791667,692.9833333,11.92229391,47.51240851,11,23E,2020,3,2,3213439,9408,2329,9836,21573,45.6,43.6,10.9,470
6/3/2020,6,1,2,126.1166667,751.7,12.66021053,43.9650868,14,23E,2020,3,2,3223816,9401,935,11303,21639,52.2,43.4,12.5,631
6/4/2020,6,1,2,73.66481481,667.9833333,11.17184669,41.52674616,1,15E,2020,3,2,2338524,10294,1163,10141,21598,47,47.7,11.3,685
6/4/2020,6,1,2,104.852381,750.95,12.55944251,25.60523176,3,15E,2020,3,2,3223935,9475,897,11293,21665,52.1,43.7,12.5,939
6/4/2020,6,1,2,49.24722222,605.9666667,10.09944444,25.69687438,4,15E,2020,3,2,3223943,9088,3653,8873,21614,41.1,42,9.9,697
6/4/2020,6,1,2,54.56145833,877.9833333,14.76619054,43.14660293,5,15E,2020,3,2,3213479,7073,1734,12784,21591,59.2,32.8,14.2,558
6/4/2020,6,1,2,53.5,555,9.269203558,29.86854407,12,19N,2020,3,2,2338619,12017,700,8923,21640,41.2,55.5,9.9,1195
6/4/2020,6,1,2,76.62291667,612.9833333,10.20210122,40.06202011,15,19N,2020,3,2,3223921,11309,1277,9043,21629,41.8,52.3,10,360
6/4/2020,6,1,2,82.59666667,815.9666667,13.59944444,45.06064716,16,19N,2020,3,2,2341491,8166,676,12777,21619,59.1,37.8,14.2,855
6/4/2020,6,1,2,83.48787879,938.3666667,15.74697588,68.64567425,6,22W,2020,3,2,3223963,6813,1543,13318,21674,61.4,31.4,14.7,436
6/4/2020,6,1,2,96.74375,748.95,12.50841442,36.95647012,7,22W,2020,3,2,3223934,8769,1424,11408,21601,52.8,40.6,12.7,694
6/4/2020,6,1,2,165.2416667,655.9666667,10.97087108,50.37938509,11,23E,2020,3,2,3213439,9912,2332,9401,21645,43.4,45.8,10.4,470
6/4/2020,6,1,2,98.70952381,695.9666667,11.61571182,42.84487748,14,23E,2020,3,2,3223816,9563,953,11082,21598,51.3,44.3,12.3,631
6/5/2020,6,1,2,98.83055556,592.9833333,9.917491289,38.9971905,1,15E,2020,3,2,2338524,11007,1321,9296,21624,43,50.9,10.3,685
6/5/2020,6,1,2,144.2458333,581.9833333,9.699722222,28.21289279,3,15E,2020,3,2,3223935,11286,1050,9262,21598,42.9,52.3,10.3,939
6/5/2020,6,1,2,75.49722222,905.9666667,15.15205575,46.46294636,5,15E,2020,3,2,3213479,7891,1573,12167,21631,56.2,36.5,13.5,558
6/5/2020,6,1,2,80.49375,648.95,10.81583333,34.410207,12,19N,2020,3,2,2338619,10496,824,10284,21604,47.6,48.6,11.4,1195
6/5/2020,6,1,2,72.5537037,672.9833333,11.21638889,36.79048888,15,19N,2020,3,2,3223921,10355,1454,9796,21605,45.3,47.9,10.9,360
6/5/2020,6,1,2,87.88518519,790.9666667,13.18277778,39.8350933,16,19N,2020,3,2,2341491,8706,966,11904,21576,55.2,40.4,13.2,855
6/5/2020,6,1,2,60.68974359,783.9666667,13.1590162,61.60665125,6,22W,2020,3,2,3223963,9198,1341,11073,21612,51.2,42.6,12.3,436
6/5/2020,6,1,2,165.2458333,645.9833333,10.76638889,38.57424592,7,22W,2020,3,2,3223934,10206,893,10499,21598,48.6,47.3,11.7,694
6/5/2020,6,1,2,105.9972222,670.9833333,11.24539984,33.82650968,14,23E,2020,3,2,3223816,10226,1155,10242,21623,47.4,47.3,11.4,631
6/6/2020,6,1,2,83.21666667,768.95,12.84288664,33.5455303,3,15E,2020,4,2,3223935,8693,1615,11268,21576,52.2,40.3,12.5,939
6/6/2020,6,1,2,57.895,598.95,9.9825,41.55223426,12,19N,2020,4,2,2338619,10867,1255,9493,21615,43.9,50.3,10.5,1195
6/6/2020,6,1,2,120.997619,841.9833333,14.15081523,50.67154262,6,22W,2020,4,2,3223963,7799,1703,12045,21547,55.9,36.2,13.4,436
6/6/2020,6,1,2,133.1933333,680.9666667,11.34944444,37.19586256,7,22W,2020,4,2,3223934,9435,1601,10599,21635,49,43.6,11.8,694
6/6/2020,6,1,2,136.1933333,685.9666667,11.65137593,33.6091006,14,23E,2020,4,2,3223816,10239,1129,10245,21613,47.4,47.4,11.4,631
6/7/2020,6,1,2,126.7966667,628.9833333,10.49739227,34.93429255,3,15E,2020,4,2,3223935,11180,879,9592,21651,44.3,51.6,10.6,939
6/7/2020,6,1,2,119.3277778,730.9666667,12.18277778,38.7000983,7,22W,2020,4,2,3223934,9199,1238,11184,21621,51.7,42.5,12.4,694
6/8/2020,6,1,2,103.4944444,625.9666667,10.43265703,29.00407974,12,19N,2020,4,2,2338619,11142,941,9556,21639,44.2,51.5,10.6,1195
6/8/2020,6,1,2,62.09666667,640.9666667,10.74233307,37.9977963,15,19N,2020,4,2,3223921,10342,1607,9655,21604,44.7,47.9,10.7,360
6/8/2020,6,1,2,58.28333333,830.9666667,13.84944444,47.14077797,16,19N,2020,4,2,2341491,7680,1472,12477,21629,57.7,35.5,13.8,855
6/8/2020,6,1,2,124.1357143,863.95,14.41936045,47.46785352,7,22W,2020,4,2,3223934,7960,1186,12437,21583,57.6,36.9,13.8,694
6/8/2020,6,1,2,103.4944444,638.95,10.77651413,55.99205559,11,23E,2020,4,2,3213439,9639,2762,9222,21623,42.6,44.6,10.2,470
6/9/2020,6,1,2,72.98484849,787.8333333,13.19454298,48.09367606,3,15E,2020,4,2,3223935,9808,768,11023,21599,51,45.4,12.2,939
6/9/2020,6,1,2,58.87083333,480.9666667,8.032753042,53.12122423,12,19N,2020,4,2,2338619,13204,537,7871,21612,36.4,61.1,8.7,1195
6/9/2020,6,1,2,64.12291667,527.9833333,8.799722222,44.49061756,15,19N,2020,4,2,3223921,12575,1337,7702,21614,35.6,58.2,8.6,360
6/10/2020,6,1,2,128.19,635.95,10.59916667,33.11321652,3,15E,2020,4,2,3223935,11274,623,9738,21635,45,52.1,10.8,939
6/10/2020,6,1,2,53,560,9.333333333,38.92128018,12,19N,2020,4,2,2338619,11552,808,9247,21607,42.8,53.5,10.3,1195
6/10/2020,6,1,2,75,622.9833333,10.38305556,41.65257078,15,19N,2020,4,2,3223921,11343,1356,8904,21603,41.2,52.5,9.9,360
6/10/2020,6,1,2,66.79833333,672.9833333,11.33445614,51.46671038,7,22W,2020,4,2,3223934,8988,1546,11075,21609,51.3,41.6,12.3,694
8/19/2020,8,2,4,91.27857111,633.9499978,10.71464789,35.49269209,1,19N,2020,5,3,2338524,10948,680,9983,21611,46.2,50.7,11.1,855
8/19/2020,8,2,4,110.8499996,750.9499976,12.93796437,45.41752892,3,19N,2020,5,3,3223935,9538,1094,11027,21659,50.9,44,12.2,487
8/19/2020,8,2,4,97.66111111,600.9666667,10.05101045,43.02518665,5,19N,2020,5,3,3213479,11834,955,8823,21612,40.8,54.8,9.8,360
8/19/2020,8,2,4,54.22037037,492.9833333,8.216388889,40.6900225,7,19N,2020,5,3,3223934,13338,923,7351,21612,34,61.7,8.2,773
8/19/2020,8,2,4,108.1933333,540.9666667,9.340431655,33.55325227,12,22W,2020,5,3,2338619,10823,1475,9289,21587,43,50.1,10.3,662
8/19/2020,8,2,4,126.1933333,625.9666667,10.65475177,35.35014554,15,22W,2020,5,3,3223921,10336,1031,10226,21593,47.4,47.9,11.4,318
8/19/2020,8,2,4,185.2416667,740.9666667,12.52338028,21.50485669,9,23E,2020,5,3,3213490,10033,466,11097,21596,51.4,46.5,12.3,602
8/20/2020,8,2,4,48.72424242,565.9666667,9.432777778,53.60161674,16,15E,2020,5,3,2341491,11324,1243,9070,21637,41.9,52.3,10.1,685
8/20/2020,8,2,4,99.56190476,681.9333333,11.36555556,44.18440526,18,15E,2020,5,3,3223949,10628,1117,9866,21611,45.7,49.2,11,648
8/20/2020,8,2,4,99.82499965,603.9499979,10.35342857,25.76059851,1,19N,2020,5,3,2338524,10878,640,10092,21610,46.7,50.3,11.2,855
8/20/2020,8,2,4,111.8222219,660.9499979,11.15553576,34.19462209,3,19N,2020,5,3,3223935,10919,1066,9635,21620,44.6,50.5,10.7,487
8/20/2020,8,2,4,127.1933333,620.9666667,10.34944444,38.18006823,5,19N,2020,5,3,3213479,11425,963,9211,21599,42.6,52.9,10.2,360
8/20/2020,8,2,4,71.56666667,500.9666667,8.349444444,40.29917189,7,19N,2020,5,3,3223934,12703,938,7963,21604,36.9,58.8,8.8,773
8/20/2020,8,2,4,160.9875,653.95,11.25075269,29.34875836,12,22W,2020,5,3,2338619,10702,686,10224,21612,47.3,49.5,11.4,662
8/20/2020,8,2,4,183.9916667,735.9666667,12.5716726,30.44428761,15,22W,2020,5,3,3223921,10185,424,11011,21620,50.9,47.1,12.2,318
8/20/2020,8,2,4,177.9888889,528.9666667,9.321112593,42.94479705,6,23E,2020,5,3,3223963,11614,950,9037,21601,41.8,53.8,10,603
8/20/2020,8,2,4,135.7266667,688.6333333,11.59803509,19.81947214,9,23E,2020,5,3,3213490,10193,884,10525,21602,48.7,47.2,11.7,602
8/21/2020,8,2,4,83.28333333,597.9833333,9.966388889,37.39253911,16,15E,2020,5,3,2341491,10840,1238,9517,21595,44.1,50.2,10.6,685
8/21/2020,8,2,4,85.13809524,600.9666667,10.01611111,49.87287886,18,15E,2020,5,3,3223949,11468,1035,9074,21577,42.1,53.1,10.1,648
8/21/2020,8,2,4,82.56904732,587.9833312,10.04384342,27.9172074,1,19N,2020,5,3,2338524,11229,626,9741,21596,45.1,52,10.8,855
8/21/2020,8,2,4,72.66481457,658.9833311,11.43544383,31.4828895,3,19N,2020,5,3,3223935,10090,987,10522,21599,48.7,46.7,11.7,487
8/21/2020,8,2,4,57.87291667,462.9833333,7.716388889,36.1604973,7,19N,2020,5,3,3223934,13471,768,7350,21589,34,62.4,8.2,773
8/21/2020,8,2,4,162.7416667,645.9666667,10.8413986,28.98914579,12,22W,2020,5,3,2338619,11274,548,9797,21619,45.3,52.1,10.9,662
8/21/2020,8,2,4,161.4916667,650.9666667,11.00225352,23.04476606,15,22W,2020,5,3,3223921,11196,376,10040,21612,46.5,51.8,11.1,318
8/21/2020,8,2,4,140.19,705.95,11.99051674,53.29287391,6,23E,2020,5,3,3223963,9312,796,11558,21666,53.3,43,12.8,603
8/21/2020,8,2,4,136.1933333,680.9666667,11.38898955,26.79313402,9,23E,2020,5,3,3213490,10456,705,10472,21633,48.4,48.3,11.6,602
8/22/2020,8,2,4,130.9833333,528.9333333,8.815555556,31.95045379,18,15E,2020,5,3,3223949,12697,780,8170,21647,37.7,58.7,9.1,648
8/22/2020,8,2,4,129.7899996,643.949998,10.8991408,24.7172961,1,19N,2020,5,3,2338524,10718,799,10089,21606,46.7,49.6,11.2,855
8/22/2020,8,2,4,130.5866662,647.9333312,10.93571186,31.8579473,3,19N,2020,5,3,3223935,10855,847,9867,21569,45.7,50.3,11,487
8/22/2020,8,2,4,78.42142857,553.95,9.213412028,37.13145861,5,19N,2020,5,3,3213479,11578,1185,8843,21606,40.9,53.6,9.8,360
8/22/2020,8,2,4,75.13809524,517.9833333,8.633055556,41.1508302,7,19N,2020,5,3,3223934,12430,861,8343,21634,38.6,57.5,9.3,773
8/22/2020,8,2,4,130.79,633.95,10.7906383,40.20289227,12,22W,2020,5,3,2338619,10805,779,10047,21631,46.4,50,11.1,662
8/22/2020,8,2,4,157.7416667,630.9666667,10.73985816,32.95907566,15,22W,2020,5,3,3223921,11240,518,9833,21591,45.5,52.1,10.9,318
8/22/2020,8,2,4,110.7899996,558.9499981,9.61634409,23.1914131,4,23E,2020,5,3,3223943,11576,1341,8684,21601,40.2,53.6,9.6,317
8/22/2020,8,2,4,296.9833333,588.9666667,10.20592058,60.5547424,6,23E,2020,5,3,3223963,11145,832,9636,21613,44.6,51.6,10.7,603
8/22/2020,8,2,4,137.1933333,675.9666667,11.38470175,27.21627952,9,23E,2020,5,3,3213490,10705,760,10140,21605,46.9,49.5,11.3,602
8/23/2020,8,2,4,75.65833333,478.95,7.9825,49.67011437,16,15E,2020,5,3,2341491,11558,2221,7803,21582,36.2,53.6,8.7,685
8/23/2020,8,2,4,103.4944444,620.9666667,10.32804722,41.47171575,18,15E,2020,5,3,3223949,10848,910,9850,21608,45.6,50.2,10.9,648
8/23/2020,8,2,4,123.5966662,607.9833311,10.29740888,27.46081035,1,19N,2020,5,3,2338524,11210,692,9734,21636,45,51.8,10.8,855
8/23/2020,8,2,4,92.32777748,553.9666649,9.37591237,32.63854052,3,19N,2020,5,3,3223935,11779,1052,8837,21668,40.8,54.4,9.8,487
8/23/2020,8,2,4,83.70952381,580.9666667,9.770873968,41.36911969,5,19N,2020,5,3,3213479,11440,1026,9148,21614,42.3,52.9,10.2,360
8/23/2020,8,2,4,58.44074074,535.9666667,8.932777778,34.84821767,7,19N,2020,5,3,3223934,12515,942,8159,21616,37.7,57.9,9.1,773
8/23/2020,8,2,4,150.2416667,580.9666667,9.85385159,30.55287907,12,22W,2020,5,3,2338619,12118,588,8906,21612,41.2,56.1,9.9,662
8/23/2020,8,2,4,148.9916667,585.9666667,9.834405594,30.53156947,15,22W,2020,5,3,3223921,11970,347,9320,21637,43.1,55.3,10.3,318
8/23/2020,8,2,4,282.9833323,560.9666647,9.447859652,22.69608273,4,23E,2020,5,3,3223943,12239,743,8622,21604,39.9,56.7,9.6,317
8/23/2020,8,2,4,301.9833333,593.9666667,10.14604982,56.26371113,6,23E,2020,5,3,3223963,10804,848,9962,21614,46.1,50,11.1,603
8/23/2020,8,2,4,236.9888889,710.9666667,11.89073171,20.15377251,9,23E,2020,5,3,3213490,10530,544,10538,21612,48.8,48.7,11.7,602
8/24/2020,8,2,4,81.82777778,510.9666667,8.516111111,43.19695488,16,15E,2020,5,3,2341491,11747,1330,8564,21641,39.6,54.3,9.5,685
8/24/2020,8,2,4,80.37291637,645.9666643,10.95632509,29.6493831,1,19N,2020,5,3,2338524,10144,832,10630,21606,49.2,46.9,11.8,855
8/24/2020,8,2,4,93.70714254,655.9499978,11.18904512,33.70458171,3,19N,2020,5,3,3223935,9920,1131,10564,21615,48.9,45.9,11.7,487
8/24/2020,8,2,4,92.66111111,560.9666667,9.349444444,45.94980682,5,19N,2020,5,3,3213479,11692,1084,8819,21595,40.8,54.1,9.8,360
8/24/2020,8,2,4,84.66388889,527.9833333,8.799722222,38.35444423,7,19N,2020,5,3,3223934,12389,1052,8160,21601,37.8,57.4,9.1,773
8/24/2020,8,2,4,151.4916667,585.9666667,10.15393502,41.93428644,12,22W,2020,5,3,2338619,10815,755,10040,21610,46.5,50,11.2,662
8/24/2020,8,2,4,117.1933333,590.9666667,10.05900709,28.89782121,15,22W,2020,5,3,3223921,11539,548,9528,21615,44.1,53.4,10.6,318
8/24/2020,8,2,4,154.7416667,613.9666667,10.45049645,68.49104547,6,23E,2020,5,3,3223963,10714,831,10055,21600,46.6,49.6,11.2,603
8/24/2020,8,2,4,140.1933333,700.9666667,11.72348432,28.14617992,9,23E,2020,5,3,3213490,10779,529,10307,21615,47.7,49.9,11.4,602
8/25/2020,8,2,4,85.85238095,590.9666667,9.849444444,34.61045464,16,15E,2020,5,3,2341491,11579,794,9238,21611,42.7,53.6,10.3,685
8/25/2020,8,2,4,103.158333,608.9499981,10.34322179,29.38466237,1,19N,2020,5,3,2338524,10954,669,9987,21610,46.2,50.7,11.1,855
8/25/2020,8,2,4,79.6229164,641.9833312,10.98176549,33.41218337,3,19N,2020,5,3,3223935,10213,1150,10183,21546,47.3,47.4,11.3,487
8/25/2020,8,2,4,84.42380952,595.9666667,9.912241999,38.70316657,5,19N,2020,5,3,3213479,11270,904,9453,21627,43.7,52.1,10.5,360
8/25/2020,8,2,4,94.32777778,565.9666667,9.432777778,46.55305425,7,19N,2020,5,3,3223934,11868,837,8902,21607,41.2,54.9,9.9,773
8/25/2020,8,2,4,147.2375,588.95,9.919157895,42.85130959,12,22W,2020,5,3,2338619,11814,409,9380,21603,43.4,54.7,10.4,662
8/25/2020,8,2,4,132.5966667,667.9833333,11.35369035,40.73104298,15,22W,2020,5,3,3223921,10988,189,10434,21611,48.3,50.8,11.6,318
8/25/2020,8,2,4,287.5,570,9.681414468,63.20431322,6,23E,2020,5,3,3223963,11705,677,9235,21617,42.7,54.1,10.3,603
8/25/2020,8,2,4,176.9958333,702.9833333,11.78170645,23.91757553,9,23E,2020,5,3,3213490,10581,500,10532,21613,48.7,49,11.7,602
8/26/2020,8,2,4,81.49166667,658.95,10.9825,37.42892036,16,15E,2020,6,3,2341491,10438,1056,10103,21597,46.8,48.3,11.2,685
8/26/2020,8,2,4,113.1933329,590.9666645,10.06590807,24.75104655,1,19N,2020,6,3,2338524,11361,507,9742,21610,45.1,52.6,10.8,855
8/26/2020,8,2,4,109.8277774,658.9666643,11.17681979,28.43188909,3,19N,2020,6,3,3223935,10580,807,10288,21675,47.5,48.8,11.4,487
8/26/2020,8,2,4,100.4972222,602.9833333,10.07058605,35.49771882,5,19N,2020,6,3,3213479,11549,893,9153,21595,42.4,53.5,10.2,360
8/26/2020,8,2,4,118.2458333,480.9666667,8.016111111,35.92972002,7,19N,2020,6,3,3223934,13518,669,7438,21625,34.4,62.5,8.3,773
8/26/2020,8,2,4,91.19333333,455.9666667,7.788754448,32.0016839,12,22W,2020,6,3,2338619,13181,798,7641,21620,35.3,61,8.5,662
8/26/2020,8,2,4,166.9888889,495.9666667,8.594368231,39.81658462,15,22W,2020,6,3,3223921,12068,1172,8368,21608,38.7,55.8,9.3,318
8/26/2020,8,2,4,227.3277778,681.9833333,11.83470915,44.8404618,6,23E,2020,6,3,3223963,9559,778,11242,21579,52.1,44.3,12.5,603
8/26/2020,8,2,4,183.9916667,730.9666667,12.26797203,22.95819389,9,23E,2020,6,3,3213490,9905,743,10935,21583,50.7,45.9,12.2,602
8/27/2020,8,2,4,69.12291667,557.9833333,9.299722222,32.77050684,16,15E,2020,6,3,2341491,11750,1222,8652,21624,40,54.3,9.6,685
8/27/2020,8,2,4,106.193333,540.9666648,9.175406364,31.33713288,1,19N,2020,6,3,2338524,12393,425,8797,21615,40.7,57.3,9.8,855
8/27/2020,8,2,4,101.9952378,708.9666643,12.63207909,40.89529708,3,19N,2020,6,3,3223935,8771,789,12009,21569,55.7,40.7,13.4,487
8/27/2020,8,2,4,110.1933333,550.9666667,9.163792606,47.1766488,5,19N,2020,6,3,3213479,12247,825,8531,21603,39.5,56.7,9.5,360
8/27/2020,8,2,4,70.74583333,570.9666667,9.516111111,51.29094479,7,19N,2020,6,3,3223934,12154,740,8715,21609,40.3,56.2,9.7,773
8/27/2020,8,2,4,99.13571429,688.95,12.02530909,43.33683311,12,22W,2020,6,3,2338619,10399,579,10631,21609,49.2,48.1,11.8,662
8/27/2020,8,2,4,311.9833333,628.9666667,10.80556914,39.86761786,6,23E,2020,6,3,3223963,10914,493,10235,21642,47.3,50.4,11.4,603
8/27/2020,8,2,4,181.4916667,730.9666667,12.19986323,20.1102657,9,23E,2020,6,3,3213490,9954,547,11135,21636,51.5,46,12.4,602
8/28/2020,8,2,4,114.1527778,684.9166667,11.39167697,40.03192953,16,15E,2020,6,3,2341491,9722,1358,10510,21590,48.7,45,11.7,685
8/28/2020,8,2,4,69.6020831,556.8166648,9.444240285,34.65309516,1,19N,2020,6,3,2338524,11688,830,9067,21585,42,54.1,10.1,855
8/28/2020,8,2,4,58.59499979,600.9499979,10.41357401,32.02884851,3,19N,2020,6,3,3223935,11252,998,9405,21655,43.4,52,10.4,487
8/28/2020,8,2,4,75.85238095,530.9666667,8.898882682,37.63324701,5,19N,2020,6,3,3213479,12144,1136,8357,21637,38.6,56.1,9.3,360
8/28/2020,8,2,4,47.33148148,435.9833333,7.317202797,42.78457804,7,19N,2020,6,3,3223934,13836,820,6958,21614,32.2,64,7.7,773
8/28/2020,8,2,4,82.62083333,655.9666667,11.26136458,32.28675036,12,22W,2020,6,3,2338619,10442,699,10470,21611,48.4,48.3,11.6,662
8/28/2020,8,2,4,150.9916667,613.9666667,10.35490332,36.98784445,6,23E,2020,6,3,3223963,11447,823,9283,21553,43.1,53.1,10.3,603
8/28/2020,8,2,4,168.9916667,680.9666667,11.49297359,21.87226856,9,23E,2020,6,3,3213490,10568,754,10268,21590,47.6,48.9,11.4,602
8/29/2020,8,2,4,71.37083333,575.9666667,9.61937347,40.77635384,16,15E,2020,6,3,2341491,11740,1019,8870,21629,41,54.3,9.8,685
8/29/2020,8,2,4,139.79,693.95,11.56583333,35.96712087,18,15E,2020,6,3,3223949,10134,1390,10054,21578,46.6,47,11.2,648
8/29/2020,8,2,4,81.70476164,566.9333315,9.732877125,27.06647069,1,19N,2020,6,3,2338524,11688,549,9394,21631,43.4,54,10.4,855
8/29/2020,8,2,4,76.12083308,623.9666646,10.78891944,40.79906413,3,19N,2020,6,3,3223935,10908,848,9856,21612,45.6,50.5,10.9,487
8/29/2020,8,2,4,75.77222222,681.95,11.34220374,44.80539444,5,19N,2020,6,3,3213479,10563,984,10056,21603,46.5,48.9,11.2,360
8/29/2020,8,2,4,67.87291667,537.9833333,8.966388889,43.24701708,7,19N,2020,6,3,3223934,12273,844,8492,21609,39.3,56.8,9.4,773
8/29/2020,8,2,4,147.1933333,745.9666667,12.81530881,45.40202259,12,22W,2020,6,3,2338619,9415,585,11605,21605,53.7,43.6,12.9,662
8/29/2020,8,2,4,120.6583329,718.9499977,12.32485715,31.85028024,4,23E,2020,6,3,3223943,9688,1142,10798,21628,49.9,44.8,12,317
8/29/2020,8,2,4,125.6583333,748.95,12.54362112,26.87228049,9,23E,2020,6,3,3213490,9478,825,11326,21629,52.4,43.8,12.6,602
8/30/2020,8,2,4,75.74583333,620.9666667,10.34944444,40.93365114,16,15E,2020,6,3,2341491,11055,912,9622,21589,44.6,51.2,10.7,685
8/30/2020,8,2,4,125.3866667,636.9333333,10.65254355,29.73716292,18,15E,2020,6,3,3223949,10895,1445,9283,21623,42.9,50.4,10.3,648
8/30/2020,8,2,4,92.66111082,570.9666649,9.569162375,31.01896042,1,19N,2020,6,3,2338524,11655,493,9471,21619,43.8,53.9,10.5,855
8/30/2020,8,2,4,76.99374975,615.949998,10.43258566,46.14191438,3,19N,2020,6,3,3223935,10779,903,9931,21613,45.9,49.9,11,487
8/30/2020,8,2,4,101.5966667,542.9833333,9.06861517,37.95095385,5,19N,2020,6,3,3213479,12262,812,8544,21618,39.5,56.7,9.5,360
8/30/2020,8,2,4,71.97619048,510.85,8.514166667,37.65441701,7,19N,2020,6,3,3223934,13017,682,7894,21593,36.6,60.3,8.8,773
8/30/2020,8,2,4,197.9833327,400.9666654,6.753122811,29.72286539,4,23E,2020,6,3,3223943,14334,800,6483,21617,30,66.3,7.2,317
8/30/2020,8,2,4,121.4875,480.95,8.015833333,42.06455389,6,23E,2020,6,3,3223963,13343,810,7452,21605,34.5,61.8,8.3,603
8/30/2020,8,2,4,156.9888889,470.9666667,7.865740365,19.04867272,9,23E,2020,6,3,3213490,13680,591,7347,21618,34,63.3,8.2,602
8/31/2020,8,2,4,102.6611111,615.9666667,10.26611111,43.95925113,16,15E,2020,6,3,2341491,11706,790,9142,21638,42.2,54.1,10.1,685
8/31/2020,8,2,4,109.3277778,670.9666667,11.18277778,40.01161346,18,15E,2020,6,3,3223949,10442,1271,9918,21631,45.9,48.3,11,648
8/31/2020,8,2,4,130.7899996,653.9499982,11.13106384,35.16859659,1,19N,2020,6,3,2338524,10717,272,10621,21610,49.1,49.6,11.8,855
8/31/2020,8,2,4,86.74583303,698.9666642,12.02523298,40.77613405,3,19N,2020,6,3,3223935,10060,723,10826,21609,50.1,46.6,12,487
8/31/2020,8,2,4,108.6555556,656.9333333,10.92625232,51.08595663,5,19N,2020,6,3,3213479,11105,639,9859,21603,45.6,51.4,11,360
8/31/2020,8,2,4,79.85,558.95,9.315833333,50.51085386,7,19N,2020,6,3,3223934,12589,628,8390,21607,38.8,58.3,9.3,773
8/31/2020,8,2,4,159.4958333,637.9833333,10.76752499,28.86070431,12,22W,2020,6,3,2338619,11500,480,9642,21622,44.6,53.2,10.7,662
8/31/2020,8,2,4,193.991666,775.966664,13.16127209,31.5727073,4,23E,2020,6,3,3223943,9001,1015,11597,21613,53.7,41.6,12.9,317
8/31/2020,8,2,4,210.2416667,840.9666667,14.06494774,24.19639754,9,23E,2020,6,3,3213490,8372,776,12461,21609,57.7,38.7,13.8,602
9/1/2020,9,2,4,84.49791667,675.9833333,11.38498246,44.30742669,16,15E,2020,6,3,2341491,10297,878,10427,21602,48.3,47.7,11.6,685
9/1/2020,9,2,4,144.2041667,576.8166667,9.613611111,36.63720889,18,15E,2020,6,3,3223949,12058,1240,8318,21616,38.5,55.8,9.2,648
9/1/2020,9,2,4,93.15833303,555.9666648,9.463262415,38.86358093,1,19N,2020,6,3,2338524,11709,602,9285,21596,43,54.2,10.3,855
9/1/2020,9,2,4,112.9633329,549.8166648,9.30567342,38.78636761,3,19N,2020,6,3,3223935,12007,720,8838,21565,41,55.7,9.8,487
9/1/2020,9,2,4,121.79,608.95,10.1490492,48.6738929,5,19N,2020,6,3,3213479,11740,773,9103,21616,42.1,54.3,10.1,360
9/1/2020,9,2,4,75.99722222,460.9833333,7.683055556,36.08498848,7,19N,2020,6,3,3223934,13526,750,7361,21637,34,62.5,8.2,773
9/1/2020,9,2,4,136.9958333,542.9833333,9.341648746,37.35532425,12,22W,2020,6,3,2338619,11682,671,9257,21610,42.8,54.1,10.3,662
9/1/2020,9,2,4,235.3222214,700.9666642,12.05964158,34.67923687,4,23E,2020,6,3,3223943,10021,660,10919,21600,50.6,46.4,12.1,317
9/1/2020,9,2,4,134.1933333,665.9666667,11.13811847,22.25515248,9,23E,2020,6,3,3213490,10877,581,10153,21611,47,50.3,11.3,602
9/2/2020,9,2,4,83.70952381,575.9666667,9.579597824,42.8549431,16,15E,2020,7,3,2341491,11771,1023,8824,21618,40.8,54.4,9.8,685
9/2/2020,9,2,4,122.79,618.95,10.31583333,29.42998324,18,15E,2020,7,3,3223949,11736,1268,8607,21611,39.8,54.3,9.6,648
9/2/2020,9,2,4,114.193333,565.9666648,9.757929148,31.48812067,1,19N,2020,7,3,2338524,11638,494,9486,21618,43.9,53.8,10.5,855
9/2/2020,9,2,4,125.9916663,760.9499977,12.90657244,42.8315338,3,19N,2020,7,3,3223935,9292,816,11526,21634,53.3,43,12.8,487
9/2/2020,9,2,4,124.1933333,615.9666667,10.26611111,47.96730465,5,19N,2020,7,3,3213479,11387,716,9501,21604,44,52.7,10.6,360
9/2/2020,9,2,4,94.32777778,565.9666667,9.432777778,35.89788674,7,19N,2020,7,3,3223934,12391,618,8574,21583,39.7,57.4,9.5,773
9/2/2020,9,2,4,231.3166659,693.9499978,12.05108477,31.31116028,4,23E,2020,7,3,3223943,9972,715,10908,21595,50.5,46.2,12.1,317
9/2/2020,9,2,4,108.1933333,550.9666667,9.722941176,37.85504837,9,23E,2020,7,3,3213490,11503,1874,8215,21592,38,53.3,9.1,602
9/4/2020,9,2,5,110.6583333,653.95,10.89916667,33.16361648,16,15E,2020,7,3,2341491,11184,953,9476,21613,43.8,51.7,10.5,685
9/4/2020,9,2,5,119.79,603.95,10.10090592,41.70981854,18,15E,2020,7,3,3223949,11709,1247,8656,21612,40.1,54.2,9.6,648
9/4/2020,9,2,5,111.5966663,562.9833314,9.692451164,30.30470875,1,19N,2020,7,3,2338524,12041,438,9142,21621,42.3,55.7,10.1,855
9/4/2020,9,2,5,105.9916663,630.9499978,11.01294546,34.88054821,3,19N,2020,7,3,3223935,11032,659,9923,21614,45.9,51,11,487
9/4/2020,9,2,5,88.70952381,628.95,10.5042623,42.20444232,5,19N,2020,7,3,3213479,11500,780,9299,21579,43.1,53.3,10.3,360
9/4/2020,9,2,5,129.2333333,526.9333333,8.782222222,43.6888203,7,19N,2020,7,3,3223934,13218,578,7826,21622,36.2,61.1,8.7,773
9/4/2020,9,2,5,212.6611111,637.9833333,11.07917174,37.03667168,12,22W,2020,7,3,2338619,10796,558,10258,21612,47.5,50,11.4,662
9/4/2020,9,2,5,206.316666,618.949998,10.42442106,24.50479166,4,23E,2020,7,3,3223943,11395,670,9554,21619,44.2,52.7,10.6,317
9/4/2020,9,2,5,171.6055556,524.8166667,8.808111888,43.79750233,6,23E,2020,7,3,3223963,13594,391,7623,21608,35.3,62.9,8.5,603
9/4/2020,9,2,5,69.13571429,488.95,8.757313433,41.04171409,9,23E,2020,7,3,3213490,11762,2209,7672,21643,35.4,54.3,8.5,602
9/5/2020,9,2,5,108.1555556,653.9333333,10.89888889,33.48294615,16,15E,2020,7,3,2341491,11190,609,9795,21594,45.4,51.8,10.9,685
9/5/2020,9,2,5,100.6583333,593.95,9.899166667,28.76170492,18,15E,2020,7,3,3223949,12010,1126,8453,21589,39.2,55.6,9.4,648
9/5/2020,9,2,5,165.994444,502.9833319,8.591886127,32.42082248,1,19N,2020,7,3,2338524,12839,286,8486,21611,39.3,59.4,9.4,855
9/5/2020,9,2,5,103.4916663,615.9499979,10.41042254,37.71357551,3,19N,2020,7,3,3223935,11566,430,9597,21593,44.4,53.6,10.7,487
9/5/2020,9,2,5,106.5966667,527.9833333,8.799722222,41.17336349,5,19N,2020,7,3,3213479,12939,471,8232,21642,38,59.8,9.1,360
9/5/2020,9,2,5,80.16111111,480.9666667,8.016111111,39.50466547,7,19N,2020,7,3,3223934,13655,384,7549,21588,35,63.3,8.4,773
9/5/2020,9,2,5,108.1933333,535.9666667,9.122836879,34.6306344,12,22W,2020,7,3,2338619,12427,826,8357,21610,38.7,57.5,9.3,662
9/5/2020,9,2,5,173.4874994,698.9499976,12.15565218,29.38968737,4,23E,2020,7,3,3223943,9716,662,11199,21577,51.9,45,12.5,317
9/6/2020,9,2,5,88.42142857,618.95,10.31583333,31.19442612,16,15E,2020,7,3,2341491,11732,973,8924,21629,41.3,54.2,9.9,685
9/6/2020,9,2,5,186.3166667,563.95,9.431916376,32.33782549,18,15E,2020,7,3,3223949,11845,1391,8398,21634,38.8,54.8,9.3,648
9/6/2020,9,2,5,91.98888861,556.9333316,9.459701111,35.32396643,1,19N,2020,7,3,2338524,11958,478,9175,21611,42.5,55.3,10.2,855
9/6/2020,9,2,5,106.9972219,641.9833313,11.18099685,46.15749152,3,19N,2020,7,3,3223935,10576,661,10387,21624,48,48.9,11.5,487
9/6/2020,9,2,5,90.27619048,631.9333333,10.51044711,46.31876171,5,19N,2020,7,3,3213479,11453,631,9529,21613,44.1,53,10.6,360
9/6/2020,9,2,5,130.9875,533.95,8.961398601,42.95055729,7,19N,2020,7,3,3223934,12918,546,8169,21633,37.8,59.7,9.1,773
9/6/2020,9,2,5,201.9888889,605.9666667,10.17006993,33.80529792,12,22W,2020,7,3,2338619,11777,966,8862,21605,41,54.5,9.8,662
9/6/2020,9,2,5,176.3166661,518.9499984,8.679303141,23.32249999,4,23E,2020,7,3,3223943,13177,645,7818,21640,36.1,60.9,8.7,317
9/7/2020,9,2,5,72.56904762,512.9833333,8.549722222,29.29594624,16,15E,2020,7,3,2341491,12451,1331,7794,21576,36.1,57.7,8.7,685
9/7/2020,9,2,5,87.16388889,527.9833333,8.799722222,26.2185365,18,15E,2020,7,3,3223949,12338,1955,7296,21589,33.8,57.1,8.1,648
9/7/2020,9,2,5,100.9944441,595.9666646,10.20187587,26.36284156,1,19N,2020,7,3,2338524,11029,697,9885,21611,45.7,51,11,855
9/7/2020,9,2,5,101.9972219,611.9833312,10.56661871,29.21384546,3,19N,2020,7,3,3223935,11035,751,9833,21619,45.5,51,10.9,487
9/7/2020,9,2,5,85.42619048,592.9833333,9.903573375,35.25834816,5,19N,2020,7,3,3213479,11804,980,8808,21592,40.8,54.7,9.8,360
9/7/2020,9,2,5,107.1933333,550.9666667,9.182777778,39.56902709,7,19N,2020,7,3,3223934,12418,733,8442,21593,39.1,57.5,9.4,773
9/7/2020,9,2,5,222.9833326,668.9499978,11.42703947,27.61030864,4,23E,2020,7,3,3223943,10618,669,10332,21619,47.8,49.1,11.5,317
9/8/2020,9,2,5,90,630,10.63278677,58.4240973,7,19N,2020,7,3,3223934,11246,1594,8789,21629,40.6,52,9.8,773
9/9/2020,9,2,5,168.2458333,677.9833333,11.29972222,40.67571927,7,19N,2020,8,3,3223934,11201,610,9802,21613,45.4,51.8,10.9,773
9/10/2020,9,2,5,200.3222215,600.9666646,10.08615385,31.35258345,4,23E,2020,8,3,3223943,12461,389,8772,21622,40.6,57.6,9.7,317
9/12/2020,9,2,5,290.475,590.95,9.918157554,34.07081008,4,23E,2020,8,4,3223943,12461,437,8711,21609,40.3,57.7,9.7,675
9/12/2020,9,2,5,261.9833333,518.9666667,8.771267606,31.25011008,6,23E,2020,8,4,3223963,13384,119,8139,21642,37.6,61.8,9,603
9/13/2020,9,2,5,236.9833333,710.95,12.23125172,30.82906881,4,23E,2020,8,4,3223943,10167,296,11126,21589,51.5,47.1,12.4,675
9/13/2020,9,2,5,192.9888889,578.9666667,10.1796337,36.74113164,6,23E,2020,8,4,3223963,11830,253,9488,21571,44,54.8,10.6,603
9/14/2020,9,2,5,117.1933333,580.9666667,9.682777778,33.6310285,1,19N,2020,8,4,2338524,12216,369,9041,21626,41.8,56.5,10,855
9/14/2020,9,2,5,111.5642853,780.9499973,13.29276596,26.24089199,3,19N,2020,8,4,3223935,9211,522,11874,21607,55,42.6,13.2,487
9/14/2020,9,2,5,115.6583333,693.95,11.56583333,44.04022253,5,19N,2020,8,4,3213479,10491,633,10483,21607,48.5,48.6,11.6,360
9/14/2020,9,2,5,65.37291667,522.9833333,8.933523132,31.08451866,7,19N,2020,8,4,3223934,12112,679,8795,21586,40.7,56.1,9.8,773
9/14/2020,9,2,5,236.3111111,708.9333333,11.95699126,37.93253479,4,23E,2020,8,4,3223943,10306,282,11026,21614,51,47.7,12.2,675
9/14/2020,9,2,5,191.3222222,573.9666667,9.666807018,43.24175682,6,23E,2020,8,4,3223963,13017,148,8487,21652,39.2,60.1,9.4,603
9/14/2020,9,2,5,184.7375,728.95,12.14916667,31.40972742,8,23E,2020,8,4,2309508,10685,286,10636,21607,49.2,49.5,11.8,631
9/15/2020,9,2,5,155.9916661,628.9666645,10.54146347,25.41049357,3,19N,2020,8,4,3223935,11219,514,9879,21612,45.7,51.9,11,487
9/15/2020,9,2,5,185.3222222,560.9666667,9.349444444,41.31841843,5,19N,2020,8,4,3213479,12365,721,8501,21587,39.4,57.3,9.5,360
9/15/2020,9,2,5,161.9888889,485.9666667,8.24254417,23.99399252,7,19N,2020,8,4,3223934,13127,537,7953,21617,36.8,60.7,8.8,773
9/15/2020,9,2,5,160.2375,640.95,10.76447948,26.70583006,4,23E,2020,8,4,3223943,11606,320,9708,21634,44.9,53.6,10.8,675
9/15/2020,9,2,5,183.9944444,556.9833333,9.315400697,34.4700766,6,23E,2020,8,4,3223963,13081,336,8190,21607,37.9,60.5,9.1,603
9/16/2020,9,2,5,156.4916667,630.9666667,10.51611111,46.95337645,5,19N,2020,8,4,3213479,11273,691,9648,21612,44.6,52.2,10.7,360
9/16/2020,9,2,5,130,525,8.987054362,26.84265418,7,19N,2020,8,4,3223934,12483,413,8712,21608,40.3,57.8,9.7,773
9/16/2020,9,2,5,231.9833333,705.95,11.88954515,32.4414183,4,23E,2020,8,4,3223943,10642,599,10343,21584,47.9,49.3,11.5,675
9/16/2020,9,2,5,261.9833333,533.9666667,9.056678445,30.5393273,6,23E,2020,8,4,3223963,13276,414,7922,21612,36.7,61.4,8.8,603
9/18/2020,9,2,5,132.79,673.95,11.2325,37.7484739,1,19N,2020,9,4,2338524,10068,755,10792,21615,49.9,46.6,12,855
9/18/2020,9,2,5,106.4944441,633.9666646,10.79092199,32.44093702,3,19N,2020,9,4,3223935,11204,780,9628,21612,44.5,51.8,10.7,487
9/18/2020,9,2,5,97.325,573.95,9.565833333,46.9255111,5,19N,2020,9,4,3213479,12166,891,8555,21612,39.6,56.3,9.5,360
9/18/2020,9,2,5,141.3166667,449.8,7.549090909,24.22396237,7,19N,2020,9,4,3223934,13518,688,7431,21637,34.3,62.5,8.2,773
9/18/2020,9,2,5,226.9888889,680.9666667,11.34944444,35.83037081,11,22W,2020,9,4,3213439,11568,314,9707,21589,45,53.6,10.8,426
9/18/2020,9,2,5,170.2375,680.95,11.63188612,35.59403037,4,23E,2020,9,4,3223943,10422,457,10728,21607,49.7,48.2,11.9,675
9/18/2020,9,2,5,177.9888889,538.9666667,9.490126068,35.0729751,6,23E,2020,9,4,3223963,12242,573,8795,21610,40.7,56.6,9.8,603
9/19/2020,9,2,5,110.1611111,665.9666667,11.09944444,29.66182877,1,19N,2020,9,4,2338524,10762,361,10484,21607,48.5,49.8,11.6,855
9/19/2020,9,2,5,124.3966662,621.9833312,10.75462591,30.6382418,3,19N,2020,9,4,3223935,11459,475,9626,21560,44.6,53.1,10.7,487
9/19/2020,9,2,5,91.15555556,556.9333333,9.263031451,55.54542976,5,19N,2020,9,4,3213479,12664,560,8387,21611,38.8,58.6,9.3,360
9/19/2020,9,2,5,67.36875,568.95,9.753428571,43.3746992,7,19N,2020,9,4,3223934,11836,705,9050,21591,41.9,54.8,10.1,773
9/19/2020,9,2,5,130.1933333,635.9666667,10.57753035,47.3786604,11,22W,2020,9,4,3213439,12392,199,9050,21641,41.8,57.3,10,426
9/19/2020,9,2,5,222.9777778,673.9333333,11.36667526,29.83566949,4,23E,2020,9,4,3223943,11225,483,9911,21619,45.8,51.9,11,675
9/19/2020,9,2,5,192.9888889,573.9666667,9.76964539,40.39600234,6,23E,2020,9,4,3223963,12570,586,8455,21611,39.1,58.2,9.4,603
9/20/2020,9,2,5,171.4916667,685.9666667,11.43277778,34.81077192,1,19N,2020,9,4,2338524,10721,308,10585,21614,49,49.6,11.8,855
9/20/2020,9,2,5,94.13809491,653.9666644,10.99886708,36.40864647,3,19N,2020,9,4,3223935,10804,535,10298,21637,47.6,49.9,11.4,487
9/20/2020,9,2,5,134.3866667,661.9333333,11.03222222,46.58372066,5,19N,2020,9,4,3213479,11307,522,9777,21606,45.3,52.3,10.9,360
9/20/2020,9,2,5,88.49444444,535.9666667,9.103575178,37.25501449,7,19N,2020,9,4,3223934,12454,523,8659,21636,40,57.6,9.6,773
9/20/2020,9,2,5,317.9833333,625.9666667,10.43277778,48.37887724,11,22W,2020,9,4,3213439,12096,267,9242,21605,42.8,56,10.3,426
9/20/2020,9,2,5,211.3111111,628.9333333,10.68995881,26.02256588,4,23E,2020,9,4,3223943,11365,446,9788,21599,45.3,52.6,10.9,675
9/20/2020,9,2,5,169.2458333,661.9833333,11.34828571,36.77735886,6,23E,2020,9,4,3223963,10826,520,10266,21612,47.5,50.1,11.4,603
9/21/2020,9,2,5,90.13809524,635.9666667,10.62144953,42.33389174,1,19N,2020,9,4,2338524,10872,519,10212,21603,47.3,50.3,11.3,855
9/21/2020,9,2,5,102.2642854,720.8499977,12.41937761,44.82417988,3,19N,2020,9,4,3223935,10247,423,10970,21640,50.7,47.4,12.2,487
9/21/2020,9,2,5,91.82777778,550.9666667,9.201841779,47.88301714,5,19N,2020,9,4,3213479,12989,549,8054,21592,37.3,60.2,9,360
9/21/2020,9,2,5,77.66111111,465.9666667,7.976510027,37.71561048,7,19N,2020,9,4,3223934,13441,519,7656,21616,35.4,62.2,8.5,773
9/21/2020,9,2,5,117.7416667,470.9666667,7.865740365,35.13860136,11,22W,2020,9,4,3213439,14368,235,7012,21615,32.4,66.5,7.8,426
9/22/2020,9,2,5,158.9916667,630.9666667,10.51611111,35.05438465,1,19N,2020,9,4,2338524,11837,345,9440,21622,43.7,54.7,10.5,855
9/22/2020,9,2,5,122.1899996,605.9499979,10.20547369,32.47433541,3,19N,2020,9,4,3223935,11921,505,9164,21590,42.4,55.2,10.2,487
9/22/2020,9,2,5,181.3166667,538.95,8.9825,37.60544155,5,19N,2020,9,4,3213479,13155,529,7950,21634,36.7,60.8,8.8,360
9/22/2020,9,2,5,186.9888889,555.9666667,9.330909091,39.73131184,7,19N,2020,9,4,3223934,12665,490,8455,21610,39.1,58.6,9.4,773
9/22/2020,9,2,5,167.2375,673.95,11.67855596,29.50150859,4,23E,2020,9,4,3223943,10288,571,10751,21610,49.8,47.6,11.9,675
9/22/2020,9,2,5,157.7375,625.95,11.00571429,43.98649512,6,23E,2020,9,4,3223963,10568,724,10263,21555,47.6,49,11.4,603
9/23/2020,9,2,5,102.9952381,720.9666667,12.01611111,40.20070461,1,19N,2020,9,4,2338524,10339,381,10891,21611,50.4,47.8,12.1,855
9/23/2020,9,2,5,122.3277774,738.9666643,12.34196639,27.82330894,3,19N,2020,9,4,3223935,10650,395,10574,21619,48.9,49.3,11.7,487
9/23/2020,9,2,5,170.2416667,680.9666667,11.34944444,50.89198385,5,19N,2020,9,4,3213479,11036,435,10141,21612,46.9,51.1,11.3,360
9/23/2020,9,2,5,117.7416667,475.9666667,8.101560284,35.20302844,7,19N,2020,9,4,3223934,13480,366,7758,21604,35.9,62.4,8.6,773
9/23/2020,9,2,5,124.1933333,615.9666667,10.41058204,30.92168354,4,23E,2020,9,4,3223943,11623,783,9193,21599,42.6,53.8,10.2,675
9/23/2020,9,2,5,132.2416667,543.9666667,9.259007092,33.67590592,6,23E,2020,9,4,3223963,12619,603,8406,21628,38.9,58.3,9.3,603
9/24/2020,9,2,5,182.7416667,730.9666667,12.18277778,27.65880058,1,19N,2020,10,4,2338524,10010,459,11147,21616,51.6,46.3,12.4,855
9/24/2020,9,2,5,87.99285687,625.949998,10.76903226,32.41402927,3,19N,2020,10,4,3223935,10834,767,9994,21595,46.3,50.2,11.1,487
9/24/2020,9,2,5,114.79,568.95,9.582315789,40.1404451,5,19N,2020,10,4,3213479,11501,682,9421,21604,43.6,53.2,10.5,360
9/24/2020,9,2,5,63.57142857,450,7.605633803,32.11530738,7,19N,2020,10,4,3223934,13247,729,7641,21617,35.3,61.3,8.5,773
9/24/2020,9,2,5,219.6444444,658.9333333,11.09782456,29.97793918,4,23E,2020,10,4,3223943,10913,666,10042,21621,46.4,50.5,11.1,675
9/24/2020,9,2,5,152.9958333,606.9833333,10.22287719,38.89309323,6,23E,2020,10,4,3223963,12294,432,8882,21608,41.1,56.9,9.9,603
9/25/2020,9,2,5,220.3222222,655.9666667,10.91017452,36.97970839,1,19N,2020,10,4,2338524,11268,270,10056,21594,46.6,52.2,11.2,855
9/25/2020,9,2,5,154.7458328,613.9833313,10.65467999,35.16362983,3,19N,2020,10,4,3223935,11266,551,9823,21640,45.4,52.1,10.9,487
9/25/2020,9,2,5,170.3222222,510.9666667,8.516111111,38.8479598,5,19N,2020,10,4,3213479,13241,490,7889,21620,36.5,61.2,8.8,360
9/25/2020,9,2,5,147.2375,588.95,10.13247312,31.09963448,7,19N,2020,10,4,3223934,11911,330,9370,21611,43.4,55.1,10.4,773
9/25/2020,9,2,5,98.49444444,590.9666667,9.988169014,31.30335297,4,23E,2020,10,4,3223943,11860,789,8964,21613,41.5,54.9,10,675
9/25/2020,9,2,5,114.7933333,573.9666667,9.910215827,39.04058172,6,23E,2020,10,4,3223963,11432,648,9534,21614,44.1,52.9,10.6,603
9/26/2020,9,2,5,150.2416667,615.9666667,10.28742418,35.3317763,1,19N,2020,10,4,2338524,11759,450,9417,21626,43.5,54.4,10.5,855
9/26/2020,9,2,5,156.4874995,640.949998,10.9486121,36.95787019,3,19N,2020,10,4,3223935,11214,570,9819,21603,45.5,51.9,10.9,487
9/26/2020,9,2,5,180.3222222,535.9666667,8.932777778,35.42001465,5,19N,2020,10,4,3213479,13031,542,8026,21599,37.2,60.3,8.9,360
9/26/2020,9,2,5,163.9916667,640.9666667,10.75748252,30.295119,4,23E,2020,10,4,3223943,11611,691,9303,21605,43.1,53.7,10.3,675
9/26/2020,9,2,5,143.9875,580.95,9.909712269,32.08935101,6,23E,2020,10,4,3223963,12021,600,9003,21624,41.6,55.6,10,603
9/27/2020,9,2,5,137.1899995,685.9499977,11.75914286,24.53593776,3,19N,2020,10,4,3223935,10787,442,10391,21620,48.1,49.9,11.5,487
9/27/2020,9,2,5,147.9833333,591.9333333,10.18379928,31.31615112,7,19N,2020,10,4,3223934,11417,381,9805,21603,45.4,52.8,10.9,773
9/27/2020,9,2,5,148.9875,605.95,10.18391475,26.31619664,6,23E,2020,10,4,3223963,12432,305,8901,21638,41.1,57.5,9.9,603
9/28/2020,9,2,5,106.433333,856.4666639,14.82007715,43.63494572,3,19N,2020,10,4,3223935,8321,621,12641,21583,58.6,38.6,14.1,487
9/28/2020,9,2,5,94.32777778,570.9666667,9.582657343,31.44483378,7,19N,2020,10,4,3223934,12053,562,9017,21632,41.7,55.7,10,773
9/28/2020,9,2,5,130.7933333,658.9666667,11.13733407,32.87389355,4,23E,2020,10,4,3223943,10972,840,9788,21600,45.3,50.8,10.9,675
9/28/2020,9,2,5,132.4541667,531.8,8.912952897,32.82832678,6,23E,2020,10,4,3223963,12909,591,8064,21564,37.4,59.9,9,603
9/29/2020,9,2,5,130.7933329,658.9666645,11.2164539,34.02186306,3,19N,2020,10,4,3223935,10544,819,10265,21628,47.5,48.8,11.4,487
9/29/2020,9,2,5,120.1933333,600.9666667,10.01611111,33.53738429,5,19N,2020,10,4,3213479,11820,762,9002,21584,41.7,54.8,10,360
9/29/2020,9,2,5,134.7375,543.95,9.161263158,32.37779306,7,19N,2020,10,4,3223934,12311,706,8600,21617,39.8,57,9.5,773
9/29/2020,9,2,5,146.4875,575.95,9.666406368,30.57425872,4,23E,2020,10,4,3223943,12518,507,8600,21625,39.8,57.9,9.5,675
9/29/2020,9,2,5,150.9916667,593.9666667,10.08848681,26.79626541,6,23E,2020,10,4,3223963,12305,475,8871,21651,41,56.8,9.8,603
9/30/2020,9,2,5,140.7933329,698.9666643,11.87190526,29.03869062,3,19N,2020,10,4,3223935,10166,575,10883,21624,50.3,47,12.1,487
9/30/2020,9,2,5,195.3222222,585.9666667,9.786386147,36.55726145,5,19N,2020,10,4,3213479,12546,408,8673,21627,40.1,58,9.6,360
9/30/2020,9,2,5,153.4875,628.95,10.82064516,35.84286626,7,19N,2020,10,4,3223934,10867,548,10206,21621,47.2,50.3,11.3,773
9/30/2020,9,2,5,139.7866667,698.9333333,11.91377739,32.16923396,4,23E,2020,10,4,3223943,10115,603,10886,21604,50.4,46.8,12.1,675
9/30/2020,9,2,5,119.3966667,611.9833333,10.30708772,30.85594252,6,23E,2020,10,4,3223963,12066,454,9100,21620,42.1,55.8,10.1,603
10/1/2020,10,2,5,114.8277774,703.9666642,11.79846134,26.75556287,3,19N,2020,,4,3223935,10718,365,10514,21597,48.7,49.6,11.7,487
10/1/2020,10,2,5,126.79,638.95,10.64916667,39.69683894,5,19N,2020,,4,3213479,11819,276,9531,21626,44.1,54.7,10.6,360
10/1/2020,10,2,5,84.48888889,506.9333333,8.490259249,29.81957176,7,19N,2020,,4,3223934,12964,543,8094,21601,37.5,60,9,773
10/1/2020,10,2,5,155.2458333,620.9833333,10.51746607,31.24313962,4,23E,2020,,4,3223943,11584,405,9618,21607,44.5,53.6,10.7,675
10/2/2020,10,2,5,116.0138885,701.0833309,11.93333334,40.0138463,3,19N,2020,,4,3223935,10508,381,10724,21613,49.6,48.6,11.9,487
10/2/2020,10,2,5,167.4541667,669.8166667,11.14053061,46.21343073,5,19N,2020,,4,3213479,11049,369,10194,21612,47.2,51.1,11.3,360
10/2/2020,10,2,5,148.9916667,595.9666667,10.1656223,29.86181516,7,19N,2020,,4,3223934,11555,659,9373,21587,43.4,53.5,10.4,773
10/2/2020,10,2,5,86.13611111,516.8166667,8.891469534,31.39014974,4,23E,2020,,4,3223943,12749,707,8165,21621,37.8,59,9.1,675
